username,password,token
load_user_0001,Load@123456,eyJhbGciOiJIUzI1NiIsInR5cCI6IkpXVCJ9.eyJzdWIiOiIzIiwiaWF0IjoxNzc5MTc3MjEzLCJleHAiOjE3NzkyNjM2MTMsInVzZXJuYW1lIjoibG9hZF91c2VyXzAwMDEifQ.XpgHOsadjUiLaG_vZaqGvpofF78reqaNEBSAtxY_Oec
load_user_0002,Load@123456,eyJhbGciOiJIUzI1NiIsInR5cCI6IkpXVCJ9.eyJzdWIiOiI0IiwiaWF0IjoxNzc5MTc3MjEzLCJleHAiOjE3NzkyNjM2MTMsInVzZXJuYW1lIjoibG9hZF91c2VyXzAwMDIifQ.ydLavOsAp0XV9vJN8kzLtq6e4BKNAaY4FUsMc0MqyBs
load_user_0003,Load@123456,eyJhbGciOiJIUzI1NiIsInR5cCI6IkpXVCJ9.eyJzdWIiOiI1IiwiaWF0IjoxNzc5MTc3MjEzLCJleHAiOjE3NzkyNjM2MTMsInVzZXJuYW1lIjoibG9hZF91c2VyXzAwMDMifQ.9e1xLsXam3rgL6Ptpioe-dYkiZUWZCjJRke-bYvg7jc
load_user_0004,Load@123456,eyJhbGciOiJIUzI1NiIsInR5cCI6IkpXVCJ9.eyJzdWIiOiI2IiwiaWF0IjoxNzc5MTc3MjEzLCJleHAiOjE3NzkyNjM2MTMsInVzZXJuYW1lIjoibG9hZF91c2VyXzAwMDQifQ.Y5ni9qD17ETTNfpOWdCPDpQK5YqiJAOLh-ZgIJ1VLXE
load_user_0005,Load@123456,eyJhbGciOiJIUzI1NiIsInR5cCI6IkpXVCJ9.eyJzdWIiOiI3IiwiaWF0IjoxNzc5MTc3MjEzLCJleHAiOjE3NzkyNjM2MTMsInVzZXJuYW1lIjoibG9hZF91c2VyXzAwMDUifQ.TUKFtFXL6BnZFFljQp6YY9W6UEjFHYRbgmpk9pfiky4
load_user_0006,Load@123456,eyJhbGciOiJIUzI1NiIsInR5cCI6IkpXVCJ9.eyJzdWIiOiI4IiwiaWF0IjoxNzc5MTc3MjE0LCJleHAiOjE3NzkyNjM2MTQsInVzZXJuYW1lIjoibG9hZF91c2VyXzAwMDYifQ.ns3S2xEbcE6Zl8fY3luvz-PedaAMgwrBSHnzUYyUfdg
load_user_0007,Load@123456,eyJhbGciOiJIUzI1NiIsInR5cCI6IkpXVCJ9.eyJzdWIiOiI5IiwiaWF0IjoxNzc5MTc3MjE0LCJleHAiOjE3NzkyNjM2MTQsInVzZXJuYW1lIjoibG9hZF91c2VyXzAwMDcifQ.iil21tuojlT06-QJFDEVXoex3SJ8EMao8FW7LfsN-DM
load_user_0008,Load@123456,eyJhbGciOiJIUzI1NiIsInR5cCI6IkpXVCJ9.eyJzdWIiOiIxMCIsImlhdCI6MTc3OTE3NzIxNCwiZXhwIjoxNzc5MjYzNjE0LCJ1c2VybmFtZSI6ImxvYWRfdXNlcl8wMDA4In0.tS_7eIkYAtETWuMbVfLfP_Nop3YxRqz-CsmGprXlP8k
load_user_0009,Load@123456,eyJhbGciOiJIUzI1NiIsInR5cCI6IkpXVCJ9.eyJzdWIiOiIxMSIsImlhdCI6MTc3OTE3NzIxNCwiZXhwIjoxNzc5MjYzNjE0LCJ1c2VybmFtZSI6ImxvYWRfdXNlcl8wMDA5In0.V85y2CRIYrAm4wYevuWTocrut1pdEoqrUWCkDQtFwgY
load_user_0010,Load@123456,eyJhbGciOiJIUzI1NiIsInR5cCI6IkpXVCJ9.eyJzdWIiOiIxMiIsImlhdCI6MTc3OTE3NzIxNCwiZXhwIjoxNzc5MjYzNjE0LCJ1c2VybmFtZSI6ImxvYWRfdXNlcl8wMDEwIn0._w_dt9O7sMvniwtqLMZaEm31HHQ89JnnH05wFQ21mUc
load_user_0011,Load@123456,eyJhbGciOiJIUzI1NiIsInR5cCI6IkpXVCJ9.eyJzdWIiOiIxMyIsImlhdCI6MTc3OTE3NzIxNCwiZXhwIjoxNzc5MjYzNjE0LCJ1c2VybmFtZSI6ImxvYWRfdXNlcl8wMDExIn0.tPGqkqsXIaC9doAWDcB5WphHlpr5MvmMV4t1xTZ4ZcM
load_user_0012,Load@123456,eyJhbGciOiJIUzI1NiIsInR5cCI6IkpXVCJ9.eyJzdWIiOiIxNCIsImlhdCI6MTc3OTE3NzIxNCwiZXhwIjoxNzc5MjYzNjE0LCJ1c2VybmFtZSI6ImxvYWRfdXNlcl8wMDEyIn0.Ci6uj6r45HItB32fVvbJYeTrRV-T_zjAZMKvyDrWoVE
load_user_0013,Load@123456,eyJhbGciOiJIUzI1NiIsInR5cCI6IkpXVCJ9.eyJzdWIiOiIxNSIsImlhdCI6MTc3OTE3NzIxNSwiZXhwIjoxNzc5MjYzNjE1LCJ1c2VybmFtZSI6ImxvYWRfdXNlcl8wMDEzIn0.qtRNB_UEovMTiKGJ1fgCdBrWpPD8F6CQy4rNdXuQ0gw
load_user_0014,Load@123456,eyJhbGciOiJIUzI1NiIsInR5cCI6IkpXVCJ9.eyJzdWIiOiIxNiIsImlhdCI6MTc3OTE3NzIxNSwiZXhwIjoxNzc5MjYzNjE1LCJ1c2VybmFtZSI6ImxvYWRfdXNlcl8wMDE0In0.0acXwLAZDpViF21o4rUCVwTGcGelAO5lw3VdGLLRlMA
load_user_0015,Load@123456,eyJhbGciOiJIUzI1NiIsInR5cCI6IkpXVCJ9.eyJzdWIiOiIxNyIsImlhdCI6MTc3OTE3NzIxNSwiZXhwIjoxNzc5MjYzNjE1LCJ1c2VybmFtZSI6ImxvYWRfdXNlcl8wMDE1In0.TRNodGC-aDmEBRXgoVoJhI-daN3Gz4kjVJgbPer6hrk
load_user_0016,Load@123456,eyJhbGciOiJIUzI1NiIsInR5cCI6IkpXVCJ9.eyJzdWIiOiIxOCIsImlhdCI6MTc3OTE3NzIxNSwiZXhwIjoxNzc5MjYzNjE1LCJ1c2VybmFtZSI6ImxvYWRfdXNlcl8wMDE2In0.fxPA_mN46iMsvZiPQcTnboHT1p_oMaH9GxSozoR2rJc
load_user_0017,Load@123456,eyJhbGciOiJIUzI1NiIsInR5cCI6IkpXVCJ9.eyJzdWIiOiIxOSIsImlhdCI6MTc3OTE3NzIxNSwiZXhwIjoxNzc5MjYzNjE1LCJ1c2VybmFtZSI6ImxvYWRfdXNlcl8wMDE3In0.fj1_d9i1FqTCqQo3qzEx5ngasox52A98x_jFqbrWzHU
load_user_0018,Load@123456,eyJhbGciOiJIUzI1NiIsInR5cCI6IkpXVCJ9.eyJzdWIiOiIyMCIsImlhdCI6MTc3OTE3NzIxNSwiZXhwIjoxNzc5MjYzNjE1LCJ1c2VybmFtZSI6ImxvYWRfdXNlcl8wMDE4In0.GCovtD_EVtN8c8KX6bMUG_7jvY30d8OtzcIlNoW_R1c
load_user_0019,Load@123456,eyJhbGciOiJIUzI1NiIsInR5cCI6IkpXVCJ9.eyJzdWIiOiIyMSIsImlhdCI6MTc3OTE3NzIxNSwiZXhwIjoxNzc5MjYzNjE1LCJ1c2VybmFtZSI6ImxvYWRfdXNlcl8wMDE5In0.Al53Db9dAtR1LI73jNsMOvCVN8pACOGfkgOwNOgEoWI
load_user_0020,Load@123456,eyJhbGciOiJIUzI1NiIsInR5cCI6IkpXVCJ9.eyJzdWIiOiIyMiIsImlhdCI6MTc3OTE3NzIxNSwiZXhwIjoxNzc5MjYzNjE1LCJ1c2VybmFtZSI6ImxvYWRfdXNlcl8wMDIwIn0.feR_oZLNBgXqFulyzc1mIyhMCmW2-SgaoNzVmQK_vNs
load_user_0021,Load@123456,eyJhbGciOiJIUzI1NiIsInR5cCI6IkpXVCJ9.eyJzdWIiOiIyMyIsImlhdCI6MTc3OTE3NzIxNiwiZXhwIjoxNzc5MjYzNjE2LCJ1c2VybmFtZSI6ImxvYWRfdXNlcl8wMDIxIn0.7Iw0fZiBSQvlVMUxWvf7vbw1PrzcF9sFxiybsVfb2nY
load_user_0022,Load@123456,eyJhbGciOiJIUzI1NiIsInR5cCI6IkpXVCJ9.eyJzdWIiOiIyNCIsImlhdCI6MTc3OTE3NzIxNiwiZXhwIjoxNzc5MjYzNjE2LCJ1c2VybmFtZSI6ImxvYWRfdXNlcl8wMDIyIn0.WGIl6Oc9gcbAGvAyp9Q5Z205lBzc8O5g_3QbpSRl6CM
load_user_0023,Load@123456,eyJhbGciOiJIUzI1NiIsInR5cCI6IkpXVCJ9.eyJzdWIiOiIyNSIsImlhdCI6MTc3OTE3NzIxNiwiZXhwIjoxNzc5MjYzNjE2LCJ1c2VybmFtZSI6ImxvYWRfdXNlcl8wMDIzIn0.QEqDHJxWjjXybXcPD6Tw_xWXE1PMOtLSU6aO81wE2u4
load_user_0024,Load@123456,eyJhbGciOiJIUzI1NiIsInR5cCI6IkpXVCJ9.eyJzdWIiOiIyNiIsImlhdCI6MTc3OTE3NzIxNiwiZXhwIjoxNzc5MjYzNjE2LCJ1c2VybmFtZSI6ImxvYWRfdXNlcl8wMDI0In0.yQJn1T5lyztRbvHmgO9EpdgGeXuAOZSREJn6HtYbxbc
load_user_0025,Load@123456,eyJhbGciOiJIUzI1NiIsInR5cCI6IkpXVCJ9.eyJzdWIiOiIyNyIsImlhdCI6MTc3OTE3NzIxNiwiZXhwIjoxNzc5MjYzNjE2LCJ1c2VybmFtZSI6ImxvYWRfdXNlcl8wMDI1In0.EjIh7LckxMQHmsbSmjsQZVOS-acpiyujxhbubV1_N60
load_user_0026,Load@123456,eyJhbGciOiJIUzI1NiIsInR5cCI6IkpXVCJ9.eyJzdWIiOiIyOCIsImlhdCI6MTc3OTE3NzIxNiwiZXhwIjoxNzc5MjYzNjE2LCJ1c2VybmFtZSI6ImxvYWRfdXNlcl8wMDI2In0.A2EQ8jGIFV2nRQWEtR1vlhG1V04rV5DuLov1mWhqzdU
load_user_0027,Load@123456,eyJhbGciOiJIUzI1NiIsInR5cCI6IkpXVCJ9.eyJzdWIiOiIyOSIsImlhdCI6MTc3OTE3NzIxNiwiZXhwIjoxNzc5MjYzNjE2LCJ1c2VybmFtZSI6ImxvYWRfdXNlcl8wMDI3In0._zGRZk3yA6j8dbMX5PYx3TAWy4qF_n8ubR6uHrSPwLI
load_user_0028,Load@123456,eyJhbGciOiJIUzI1NiIsInR5cCI6IkpXVCJ9.eyJzdWIiOiIzMCIsImlhdCI6MTc3OTE3NzIxNywiZXhwIjoxNzc5MjYzNjE3LCJ1c2VybmFtZSI6ImxvYWRfdXNlcl8wMDI4In0.wEurb2NrN1dxFkoliBtu9jKP7_daEz_2ynq9Pf0-8gw
load_user_0029,Load@123456,eyJhbGciOiJIUzI1NiIsInR5cCI6IkpXVCJ9.eyJzdWIiOiIzMSIsImlhdCI6MTc3OTE3NzIxNywiZXhwIjoxNzc5MjYzNjE3LCJ1c2VybmFtZSI6ImxvYWRfdXNlcl8wMDI5In0.8EnlgBf0n6l9pVLGniUVyyCREC_SSHtHhDI2vnKV-U4
load_user_0030,Load@123456,eyJhbGciOiJIUzI1NiIsInR5cCI6IkpXVCJ9.eyJzdWIiOiIzMiIsImlhdCI6MTc3OTE3NzIxNywiZXhwIjoxNzc5MjYzNjE3LCJ1c2VybmFtZSI6ImxvYWRfdXNlcl8wMDMwIn0.xGVk_Cc1msJyXrxqHcYLH5r5lkrrbqVh4igfGRGcqV8
load_user_0031,Load@123456,eyJhbGciOiJIUzI1NiIsInR5cCI6IkpXVCJ9.eyJzdWIiOiIzMyIsImlhdCI6MTc3OTE3NzIxNywiZXhwIjoxNzc5MjYzNjE3LCJ1c2VybmFtZSI6ImxvYWRfdXNlcl8wMDMxIn0.t3vDjdFGEi9FUX82PScQewMzo7pLPXVKotOBikCnPiI
load_user_0032,Load@123456,eyJhbGciOiJIUzI1NiIsInR5cCI6IkpXVCJ9.eyJzdWIiOiIzNCIsImlhdCI6MTc3OTE3NzIxNywiZXhwIjoxNzc5MjYzNjE3LCJ1c2VybmFtZSI6ImxvYWRfdXNlcl8wMDMyIn0.AZecOAM026qZZl4ED0rIDezudx5O3YY74wG0PMAH9Tk
load_user_0033,Load@123456,eyJhbGciOiJIUzI1NiIsInR5cCI6IkpXVCJ9.eyJzdWIiOiIzNSIsImlhdCI6MTc3OTE3NzIxNywiZXhwIjoxNzc5MjYzNjE3LCJ1c2VybmFtZSI6ImxvYWRfdXNlcl8wMDMzIn0.-oqyU4dntkmJvMaZ829DDMWEzUNSJRbLGYAOBih2l7Q
load_user_0034,Load@123456,eyJhbGciOiJIUzI1NiIsInR5cCI6IkpXVCJ9.eyJzdWIiOiIzNiIsImlhdCI6MTc3OTE3NzIxNywiZXhwIjoxNzc5MjYzNjE3LCJ1c2VybmFtZSI6ImxvYWRfdXNlcl8wMDM0In0.ru7mFFKrwjQn8Oc0kmY6roIAL6QNXcO8k5RYeAz2ve8
load_user_0035,Load@123456,eyJhbGciOiJIUzI1NiIsInR5cCI6IkpXVCJ9.eyJzdWIiOiIzNyIsImlhdCI6MTc3OTE3NzIxNywiZXhwIjoxNzc5MjYzNjE3LCJ1c2VybmFtZSI6ImxvYWRfdXNlcl8wMDM1In0.qkmBoSKLt3mLIr_eyHAXZIwlirpEmy_u_EIMaNf9QfU
load_user_0036,Load@123456,eyJhbGciOiJIUzI1NiIsInR5cCI6IkpXVCJ9.eyJzdWIiOiIzOCIsImlhdCI6MTc3OTE3NzIxOCwiZXhwIjoxNzc5MjYzNjE4LCJ1c2VybmFtZSI6ImxvYWRfdXNlcl8wMDM2In0.IoOCxEqXct2a_meAYuRFQty_oxjTdMDERXhTBamHEJo
load_user_0037,Load@123456,eyJhbGciOiJIUzI1NiIsInR5cCI6IkpXVCJ9.eyJzdWIiOiIzOSIsImlhdCI6MTc3OTE3NzIxOCwiZXhwIjoxNzc5MjYzNjE4LCJ1c2VybmFtZSI6ImxvYWRfdXNlcl8wMDM3In0.47lEYsmtZGosk0lWJwzsYha4uVLCTLEPGb7fKg4GFwc
load_user_0038,Load@123456,eyJhbGciOiJIUzI1NiIsInR5cCI6IkpXVCJ9.eyJzdWIiOiI0MCIsImlhdCI6MTc3OTE3NzIxOCwiZXhwIjoxNzc5MjYzNjE4LCJ1c2VybmFtZSI6ImxvYWRfdXNlcl8wMDM4In0.UBPzSM-4lU--amZKQ1E6ZrExa_IS3RoRCuPTo-nP2nk
load_user_0039,Load@123456,eyJhbGciOiJIUzI1NiIsInR5cCI6IkpXVCJ9.eyJzdWIiOiI0MSIsImlhdCI6MTc3OTE3NzIxOCwiZXhwIjoxNzc5MjYzNjE4LCJ1c2VybmFtZSI6ImxvYWRfdXNlcl8wMDM5In0.LHC1AxE3AxwkmNsGTjuQvqj9FyFmKk5byHJ8fS6nGgk
load_user_0040,Load@123456,eyJhbGciOiJIUzI1NiIsInR5cCI6IkpXVCJ9.eyJzdWIiOiI0MiIsImlhdCI6MTc3OTE3NzIxOCwiZXhwIjoxNzc5MjYzNjE4LCJ1c2VybmFtZSI6ImxvYWRfdXNlcl8wMDQwIn0.Ro1SrVOapvDILum5wuYJi_mRvSl7naCe15wPuRDfqxY
load_user_0041,Load@123456,eyJhbGciOiJIUzI1NiIsInR5cCI6IkpXVCJ9.eyJzdWIiOiI0MyIsImlhdCI6MTc3OTE3NzIxOCwiZXhwIjoxNzc5MjYzNjE4LCJ1c2VybmFtZSI6ImxvYWRfdXNlcl8wMDQxIn0.vPQ48mu7PHrm5ffQqgGTXNvfcmmj1VLMSDgqda3XX2w
load_user_0042,Load@123456,eyJhbGciOiJIUzI1NiIsInR5cCI6IkpXVCJ9.eyJzdWIiOiI0NCIsImlhdCI6MTc3OTE3NzIxOCwiZXhwIjoxNzc5MjYzNjE4LCJ1c2VybmFtZSI6ImxvYWRfdXNlcl8wMDQyIn0.Vg9kq8G6zQqTXZpcygPM_lNMDxspgH91E8Whk24cz6Q
load_user_0043,Load@123456,eyJhbGciOiJIUzI1NiIsInR5cCI6IkpXVCJ9.eyJzdWIiOiI0NSIsImlhdCI6MTc3OTE3NzIxOCwiZXhwIjoxNzc5MjYzNjE4LCJ1c2VybmFtZSI6ImxvYWRfdXNlcl8wMDQzIn0.5zXaX6j_tJnapwgxj9DC6QYgJnPdJzhD0OXnxCJIBjc
load_user_0044,Load@123456,eyJhbGciOiJIUzI1NiIsInR5cCI6IkpXVCJ9.eyJzdWIiOiI0NiIsImlhdCI6MTc3OTE3NzIxOSwiZXhwIjoxNzc5MjYzNjE5LCJ1c2VybmFtZSI6ImxvYWRfdXNlcl8wMDQ0In0.H-gJYa5ZHYdVRf211P4D2boKwCyUR7fvVZaHN9ksYJo
load_user_0045,Load@123456,eyJhbGciOiJIUzI1NiIsInR5cCI6IkpXVCJ9.eyJzdWIiOiI0NyIsImlhdCI6MTc3OTE3NzIxOSwiZXhwIjoxNzc5MjYzNjE5LCJ1c2VybmFtZSI6ImxvYWRfdXNlcl8wMDQ1In0.NLFLH3ldH8fkicjjKyc6Vx5uLWAOuWiWSsQ0mf7Yp04
load_user_0046,Load@123456,eyJhbGciOiJIUzI1NiIsInR5cCI6IkpXVCJ9.eyJzdWIiOiI0OCIsImlhdCI6MTc3OTE3NzIxOSwiZXhwIjoxNzc5MjYzNjE5LCJ1c2VybmFtZSI6ImxvYWRfdXNlcl8wMDQ2In0.aKbil60hxmNNGELeU4m-qMyugg93W05MlyJDqZp-yEY
load_user_0047,Load@123456,eyJhbGciOiJIUzI1NiIsInR5cCI6IkpXVCJ9.eyJzdWIiOiI0OSIsImlhdCI6MTc3OTE3NzIxOSwiZXhwIjoxNzc5MjYzNjE5LCJ1c2VybmFtZSI6ImxvYWRfdXNlcl8wMDQ3In0.PFmgBpAzqPVAPFp9REHMGKS3Ut56QlrMUPENUWBGiJ4
load_user_0048,Load@123456,eyJhbGciOiJIUzI1NiIsInR5cCI6IkpXVCJ9.eyJzdWIiOiI1MCIsImlhdCI6MTc3OTE3NzIxOSwiZXhwIjoxNzc5MjYzNjE5LCJ1c2VybmFtZSI6ImxvYWRfdXNlcl8wMDQ4In0.KklIrZ_NEzRFW8fDZj2VsOy_30XaB4d7NPJ4zPgWXjU
load_user_0049,Load@123456,eyJhbGciOiJIUzI1NiIsInR5cCI6IkpXVCJ9.eyJzdWIiOiI1MSIsImlhdCI6MTc3OTE3NzIxOSwiZXhwIjoxNzc5MjYzNjE5LCJ1c2VybmFtZSI6ImxvYWRfdXNlcl8wMDQ5In0.uu7I1XuXBZrxLOfv3YgeV25nZZbyCXCu6ZH4gpC8oLc
load_user_0050,Load@123456,eyJhbGciOiJIUzI1NiIsInR5cCI6IkpXVCJ9.eyJzdWIiOiI1MiIsImlhdCI6MTc3OTE3NzIxOSwiZXhwIjoxNzc5MjYzNjE5LCJ1c2VybmFtZSI6ImxvYWRfdXNlcl8wMDUwIn0.b8VMxnhcCMnjg_oXSkeEo9WYr1s4wKLKZYNXuLnuGz8
load_user_0051,Load@123456,eyJhbGciOiJIUzI1NiIsInR5cCI6IkpXVCJ9.eyJzdWIiOiI1MyIsImlhdCI6MTc3OTE3NzIyMCwiZXhwIjoxNzc5MjYzNjIwLCJ1c2VybmFtZSI6ImxvYWRfdXNlcl8wMDUxIn0.nHtFykiCGCKW90ZPtKjlq3jMSxEv0HjpmwRliU4cc4A
load_user_0052,Load@123456,eyJhbGciOiJIUzI1NiIsInR5cCI6IkpXVCJ9.eyJzdWIiOiI1NCIsImlhdCI6MTc3OTE3NzIyMCwiZXhwIjoxNzc5MjYzNjIwLCJ1c2VybmFtZSI6ImxvYWRfdXNlcl8wMDUyIn0.VCSQ1OdkZVIW7JGfctIEqNpQ4dctrZ8Yx0HysDfy2Yc
load_user_0053,Load@123456,eyJhbGciOiJIUzI1NiIsInR5cCI6IkpXVCJ9.eyJzdWIiOiI1NSIsImlhdCI6MTc3OTE3NzIyMCwiZXhwIjoxNzc5MjYzNjIwLCJ1c2VybmFtZSI6ImxvYWRfdXNlcl8wMDUzIn0.l4CwvEZfYF4SvxfjG-mmQd00SZTa_OxkfYQjtH3zZ90
load_user_0054,Load@123456,eyJhbGciOiJIUzI1NiIsInR5cCI6IkpXVCJ9.eyJzdWIiOiI1NiIsImlhdCI6MTc3OTE3NzIyMCwiZXhwIjoxNzc5MjYzNjIwLCJ1c2VybmFtZSI6ImxvYWRfdXNlcl8wMDU0In0.Lx-m0UBfj3bXQfMT7_psVtIpUc5AgbFbW6JJJga98Hg
load_user_0055,Load@123456,eyJhbGciOiJIUzI1NiIsInR5cCI6IkpXVCJ9.eyJzdWIiOiI1NyIsImlhdCI6MTc3OTE3NzIyMCwiZXhwIjoxNzc5MjYzNjIwLCJ1c2VybmFtZSI6ImxvYWRfdXNlcl8wMDU1In0.LUUCax3daYy8zxBXZoW_kBY4VDyuw0lMU6BjfV0rSLs
load_user_0056,Load@123456,eyJhbGciOiJIUzI1NiIsInR5cCI6IkpXVCJ9.eyJzdWIiOiI1OCIsImlhdCI6MTc3OTE3NzIyMCwiZXhwIjoxNzc5MjYzNjIwLCJ1c2VybmFtZSI6ImxvYWRfdXNlcl8wMDU2In0.XvNxNPPZ0rPyv6Bnu0v1WdWKi9X7kUCOcYj05v8ufG0
load_user_0057,Load@123456,eyJhbGciOiJIUzI1NiIsInR5cCI6IkpXVCJ9.eyJzdWIiOiI1OSIsImlhdCI6MTc3OTE3NzIyMCwiZXhwIjoxNzc5MjYzNjIwLCJ1c2VybmFtZSI6ImxvYWRfdXNlcl8wMDU3In0.aTvn11FZucmV2iIUS7HHML352VpmCHXjbAuHhY9wQGQ
load_user_0058,Load@123456,eyJhbGciOiJIUzI1NiIsInR5cCI6IkpXVCJ9.eyJzdWIiOiI2MCIsImlhdCI6MTc3OTE3NzIyMCwiZXhwIjoxNzc5MjYzNjIwLCJ1c2VybmFtZSI6ImxvYWRfdXNlcl8wMDU4In0.Tfvk8-M2A68ExguAM4GK4LQIw_cFUvbiz8f9DtV-CU4
load_user_0059,Load@123456,eyJhbGciOiJIUzI1NiIsInR5cCI6IkpXVCJ9.eyJzdWIiOiI2MSIsImlhdCI6MTc3OTE3NzIyMSwiZXhwIjoxNzc5MjYzNjIxLCJ1c2VybmFtZSI6ImxvYWRfdXNlcl8wMDU5In0.ZzqMtZlwV-RUahIOp80FZo3Vh3DE4sfGWUTmjjLRcBA
load_user_0060,Load@123456,eyJhbGciOiJIUzI1NiIsInR5cCI6IkpXVCJ9.eyJzdWIiOiI2MiIsImlhdCI6MTc3OTE3NzIyMSwiZXhwIjoxNzc5MjYzNjIxLCJ1c2VybmFtZSI6ImxvYWRfdXNlcl8wMDYwIn0.KTaecNVIYmxK6tonZV0RfNL_goLmGMWcJg21gjmyBdA
load_user_0061,Load@123456,eyJhbGciOiJIUzI1NiIsInR5cCI6IkpXVCJ9.eyJzdWIiOiI2MyIsImlhdCI6MTc3OTE3NzIyMSwiZXhwIjoxNzc5MjYzNjIxLCJ1c2VybmFtZSI6ImxvYWRfdXNlcl8wMDYxIn0.l8MS3uiovS_Q8-cbwhbuvBwRqLAHmBMsfjaysdkPWZE
load_user_0062,Load@123456,eyJhbGciOiJIUzI1NiIsInR5cCI6IkpXVCJ9.eyJzdWIiOiI2NCIsImlhdCI6MTc3OTE3NzIyMSwiZXhwIjoxNzc5MjYzNjIxLCJ1c2VybmFtZSI6ImxvYWRfdXNlcl8wMDYyIn0.6O_zXHYoyxiq6hhJtmlzMMv84fxWlzYlu6W6tYh5_LU
load_user_0063,Load@123456,eyJhbGciOiJIUzI1NiIsInR5cCI6IkpXVCJ9.eyJzdWIiOiI2NSIsImlhdCI6MTc3OTE3NzIyMSwiZXhwIjoxNzc5MjYzNjIxLCJ1c2VybmFtZSI6ImxvYWRfdXNlcl8wMDYzIn0.VrLy4F2mkaMNJvFoDrfe1k7bYlhZ8h9UfxQjKGgAsM4
load_user_0064,Load@123456,eyJhbGciOiJIUzI1NiIsInR5cCI6IkpXVCJ9.eyJzdWIiOiI2NiIsImlhdCI6MTc3OTE3NzIyMSwiZXhwIjoxNzc5MjYzNjIxLCJ1c2VybmFtZSI6ImxvYWRfdXNlcl8wMDY0In0.9Z-6hzV3JDhKgwaqGEZEKPvsQngt73Gqgz-3AuLZyvI
load_user_0065,Load@123456,eyJhbGciOiJIUzI1NiIsInR5cCI6IkpXVCJ9.eyJzdWIiOiI2NyIsImlhdCI6MTc3OTE3NzIyMSwiZXhwIjoxNzc5MjYzNjIxLCJ1c2VybmFtZSI6ImxvYWRfdXNlcl8wMDY1In0.fS5rP_mYWQFpp4s1cYtD0fX6sdR9fsgb213MJbf0YE4
load_user_0066,Load@123456,eyJhbGciOiJIUzI1NiIsInR5cCI6IkpXVCJ9.eyJzdWIiOiI2OCIsImlhdCI6MTc3OTE3NzIyMSwiZXhwIjoxNzc5MjYzNjIxLCJ1c2VybmFtZSI6ImxvYWRfdXNlcl8wMDY2In0.wQhD1GGT1yFGpLxn13UQdzY_D5l-Xln-NXZjS5FFUH0
load_user_0067,Load@123456,eyJhbGciOiJIUzI1NiIsInR5cCI6IkpXVCJ9.eyJzdWIiOiI2OSIsImlhdCI6MTc3OTE3NzIyMiwiZXhwIjoxNzc5MjYzNjIyLCJ1c2VybmFtZSI6ImxvYWRfdXNlcl8wMDY3In0.Bjd9x1a1yg8xTXmfP1q9Z3Zu3_m3E-IW44GJIhnp3vk
load_user_0068,Load@123456,eyJhbGciOiJIUzI1NiIsInR5cCI6IkpXVCJ9.eyJzdWIiOiI3MCIsImlhdCI6MTc3OTE3NzIyMiwiZXhwIjoxNzc5MjYzNjIyLCJ1c2VybmFtZSI6ImxvYWRfdXNlcl8wMDY4In0.Ma8utzFxRqFE-I1TYgf7PB8i6amk3N3o2LTrJBFpVTE
load_user_0069,Load@123456,eyJhbGciOiJIUzI1NiIsInR5cCI6IkpXVCJ9.eyJzdWIiOiI3MSIsImlhdCI6MTc3OTE3NzIyMiwiZXhwIjoxNzc5MjYzNjIyLCJ1c2VybmFtZSI6ImxvYWRfdXNlcl8wMDY5In0.ZLQ1-PThgSFcgiQXZalU3eq0kqhe6HEwHIAamAuFVW8
load_user_0070,Load@123456,eyJhbGciOiJIUzI1NiIsInR5cCI6IkpXVCJ9.eyJzdWIiOiI3MiIsImlhdCI6MTc3OTE3NzIyMiwiZXhwIjoxNzc5MjYzNjIyLCJ1c2VybmFtZSI6ImxvYWRfdXNlcl8wMDcwIn0.rS9i2MRNB3X1Y9aLOf6sEqteQAswbLDbxEArja7XE2I
load_user_0071,Load@123456,eyJhbGciOiJIUzI1NiIsInR5cCI6IkpXVCJ9.eyJzdWIiOiI3MyIsImlhdCI6MTc3OTE3NzIyMiwiZXhwIjoxNzc5MjYzNjIyLCJ1c2VybmFtZSI6ImxvYWRfdXNlcl8wMDcxIn0.okxyELudCdN7azU1Cmjzq8lVhcCzZMdmtmpxQWPWwpU
load_user_0072,Load@123456,eyJhbGciOiJIUzI1NiIsInR5cCI6IkpXVCJ9.eyJzdWIiOiI3NCIsImlhdCI6MTc3OTE3NzIyMiwiZXhwIjoxNzc5MjYzNjIyLCJ1c2VybmFtZSI6ImxvYWRfdXNlcl8wMDcyIn0.fN5tNKNEi3CtNl1F8yCps1LRPmbcbPVYgSbm1e7TvHw
load_user_0073,Load@123456,eyJhbGciOiJIUzI1NiIsInR5cCI6IkpXVCJ9.eyJzdWIiOiI3NSIsImlhdCI6MTc3OTE3NzIyMiwiZXhwIjoxNzc5MjYzNjIyLCJ1c2VybmFtZSI6ImxvYWRfdXNlcl8wMDczIn0.Dke0R1yq3m8ZYMVfyQUiH-vhqbf2LbvzUcYCGMYe8mk
load_user_0074,Load@123456,eyJhbGciOiJIUzI1NiIsInR5cCI6IkpXVCJ9.eyJzdWIiOiI3NiIsImlhdCI6MTc3OTE3NzIyMiwiZXhwIjoxNzc5MjYzNjIyLCJ1c2VybmFtZSI6ImxvYWRfdXNlcl8wMDc0In0.wfQRAowdWoA7h-tcu59LkeP-OJQ8GWG2j4GTnluSvaY
load_user_0075,Load@123456,eyJhbGciOiJIUzI1NiIsInR5cCI6IkpXVCJ9.eyJzdWIiOiI3NyIsImlhdCI6MTc3OTE3NzIyMywiZXhwIjoxNzc5MjYzNjIzLCJ1c2VybmFtZSI6ImxvYWRfdXNlcl8wMDc1In0.yllz_qMpo9WMVpkoJvkZN_5E9-d_V84dz4I521e31Nk
load_user_0076,Load@123456,eyJhbGciOiJIUzI1NiIsInR5cCI6IkpXVCJ9.eyJzdWIiOiI3OCIsImlhdCI6MTc3OTE3NzIyMywiZXhwIjoxNzc5MjYzNjIzLCJ1c2VybmFtZSI6ImxvYWRfdXNlcl8wMDc2In0.SlhtYeUoad-ngnfVCvP907LRK4cHif36CKznw-NOBUE
load_user_0077,Load@123456,eyJhbGciOiJIUzI1NiIsInR5cCI6IkpXVCJ9.eyJzdWIiOiI3OSIsImlhdCI6MTc3OTE3NzIyMywiZXhwIjoxNzc5MjYzNjIzLCJ1c2VybmFtZSI6ImxvYWRfdXNlcl8wMDc3In0.1sIYTe4DaprlojboDn3RVRG14tsFKh1g5qooDy2yfUo
load_user_0078,Load@123456,eyJhbGciOiJIUzI1NiIsInR5cCI6IkpXVCJ9.eyJzdWIiOiI4MCIsImlhdCI6MTc3OTE3NzIyMywiZXhwIjoxNzc5MjYzNjIzLCJ1c2VybmFtZSI6ImxvYWRfdXNlcl8wMDc4In0.jVcbNV2wFeZw06xQ5YdS7RBEl-YI1GgjZ3m0XwPIpTw
load_user_0079,Load@123456,eyJhbGciOiJIUzI1NiIsInR5cCI6IkpXVCJ9.eyJzdWIiOiI4MSIsImlhdCI6MTc3OTE3NzIyMywiZXhwIjoxNzc5MjYzNjIzLCJ1c2VybmFtZSI6ImxvYWRfdXNlcl8wMDc5In0.XJfwNnTv08xCD9sInEjvNWaiTVmEOgKcT3XAPITxmTg
load_user_0080,Load@123456,eyJhbGciOiJIUzI1NiIsInR5cCI6IkpXVCJ9.eyJzdWIiOiI4MiIsImlhdCI6MTc3OTE3NzIyMywiZXhwIjoxNzc5MjYzNjIzLCJ1c2VybmFtZSI6ImxvYWRfdXNlcl8wMDgwIn0.IRXPP6YplBclaKDgkVxheVTawQL6UhoSLJ8MUWWmpAY
load_user_0081,Load@123456,eyJhbGciOiJIUzI1NiIsInR5cCI6IkpXVCJ9.eyJzdWIiOiI4MyIsImlhdCI6MTc3OTE3NzIyMywiZXhwIjoxNzc5MjYzNjIzLCJ1c2VybmFtZSI6ImxvYWRfdXNlcl8wMDgxIn0.8x0uRC1u38tzQ71ysm-Z9TyTNU6qombPJI0wQKsiRwY
load_user_0082,Load@123456,eyJhbGciOiJIUzI1NiIsInR5cCI6IkpXVCJ9.eyJzdWIiOiI4NCIsImlhdCI6MTc3OTE3NzIyNCwiZXhwIjoxNzc5MjYzNjI0LCJ1c2VybmFtZSI6ImxvYWRfdXNlcl8wMDgyIn0.KBKDNgQADC570sZAIL68mLjnGNbJbSOMPwaU9TBbTko
load_user_0083,Load@123456,eyJhbGciOiJIUzI1NiIsInR5cCI6IkpXVCJ9.eyJzdWIiOiI4NSIsImlhdCI6MTc3OTE3NzIyNCwiZXhwIjoxNzc5MjYzNjI0LCJ1c2VybmFtZSI6ImxvYWRfdXNlcl8wMDgzIn0.f3wsabH9ivVKOJb9f6YLxYGJgMD4jSNSl_n3porji7o
load_user_0084,Load@123456,eyJhbGciOiJIUzI1NiIsInR5cCI6IkpXVCJ9.eyJzdWIiOiI4NiIsImlhdCI6MTc3OTE3NzIyNCwiZXhwIjoxNzc5MjYzNjI0LCJ1c2VybmFtZSI6ImxvYWRfdXNlcl8wMDg0In0.FnC8c3fIUe4ZduO6JlvCoqzVCPfNhZUA563uaj1oeKA
load_user_0085,Load@123456,eyJhbGciOiJIUzI1NiIsInR5cCI6IkpXVCJ9.eyJzdWIiOiI4NyIsImlhdCI6MTc3OTE3NzIyNCwiZXhwIjoxNzc5MjYzNjI0LCJ1c2VybmFtZSI6ImxvYWRfdXNlcl8wMDg1In0.cSp34OiAMMRW_xuoxJZjC5wilhF3jGs4D9YwlsK-Dcs
load_user_0086,Load@123456,eyJhbGciOiJIUzI1NiIsInR5cCI6IkpXVCJ9.eyJzdWIiOiI4OCIsImlhdCI6MTc3OTE3NzIyNCwiZXhwIjoxNzc5MjYzNjI0LCJ1c2VybmFtZSI6ImxvYWRfdXNlcl8wMDg2In0.Zi9YugWlcRyQKRZEJdYtBuaFqyZ1VMGZXWv-Ru_BaRU
load_user_0087,Load@123456,eyJhbGciOiJIUzI1NiIsInR5cCI6IkpXVCJ9.eyJzdWIiOiI4OSIsImlhdCI6MTc3OTE3NzIyNCwiZXhwIjoxNzc5MjYzNjI0LCJ1c2VybmFtZSI6ImxvYWRfdXNlcl8wMDg3In0.bMnPyG1Pgj5sWPGo8QvmcWiRbfGb5hdAsgjDocF2Nu0
load_user_0088,Load@123456,eyJhbGciOiJIUzI1NiIsInR5cCI6IkpXVCJ9.eyJzdWIiOiI5MCIsImlhdCI6MTc3OTE3NzIyNCwiZXhwIjoxNzc5MjYzNjI0LCJ1c2VybmFtZSI6ImxvYWRfdXNlcl8wMDg4In0.Aba277_elTQb5UFD2Z8On1NW6JuYCgVw8wrrCUBtrc0
load_user_0089,Load@123456,eyJhbGciOiJIUzI1NiIsInR5cCI6IkpXVCJ9.eyJzdWIiOiI5MSIsImlhdCI6MTc3OTE3NzIyNCwiZXhwIjoxNzc5MjYzNjI0LCJ1c2VybmFtZSI6ImxvYWRfdXNlcl8wMDg5In0.hdkcVg8S2_Jd7OsWB9E3twqvqJTcGSmYP3nkeH_2VKQ
load_user_0090,Load@123456,eyJhbGciOiJIUzI1NiIsInR5cCI6IkpXVCJ9.eyJzdWIiOiI5MiIsImlhdCI6MTc3OTE3NzIyNSwiZXhwIjoxNzc5MjYzNjI1LCJ1c2VybmFtZSI6ImxvYWRfdXNlcl8wMDkwIn0.vrb9d0yRXm-1KGhUu-hqpkEFuALIL8CaT9_gfcBbvyY
load_user_0091,Load@123456,eyJhbGciOiJIUzI1NiIsInR5cCI6IkpXVCJ9.eyJzdWIiOiI5MyIsImlhdCI6MTc3OTE3NzIyNSwiZXhwIjoxNzc5MjYzNjI1LCJ1c2VybmFtZSI6ImxvYWRfdXNlcl8wMDkxIn0.7WNpPS8NrtLjmZgZzgnNtOoUrHXH3xSM2bFbPv4C1gc
load_user_0092,Load@123456,eyJhbGciOiJIUzI1NiIsInR5cCI6IkpXVCJ9.eyJzdWIiOiI5NCIsImlhdCI6MTc3OTE3NzIyNSwiZXhwIjoxNzc5MjYzNjI1LCJ1c2VybmFtZSI6ImxvYWRfdXNlcl8wMDkyIn0.IjdBZcu7ZS8MZLg0YZxEylRPv-RRcmOmr2JPrhH3ttg
load_user_0093,Load@123456,eyJhbGciOiJIUzI1NiIsInR5cCI6IkpXVCJ9.eyJzdWIiOiI5NSIsImlhdCI6MTc3OTE3NzIyNSwiZXhwIjoxNzc5MjYzNjI1LCJ1c2VybmFtZSI6ImxvYWRfdXNlcl8wMDkzIn0.Dpb7OROGywMNtejtjtF5mx5OKyyRRuzxUFk3ON637tw
load_user_0094,Load@123456,eyJhbGciOiJIUzI1NiIsInR5cCI6IkpXVCJ9.eyJzdWIiOiI5NiIsImlhdCI6MTc3OTE3NzIyNSwiZXhwIjoxNzc5MjYzNjI1LCJ1c2VybmFtZSI6ImxvYWRfdXNlcl8wMDk0In0.Wg1FT78RpYIzoHF5N_p2aBSTVHsWBEiRxjlFv2pXOuU
load_user_0095,Load@123456,eyJhbGciOiJIUzI1NiIsInR5cCI6IkpXVCJ9.eyJzdWIiOiI5NyIsImlhdCI6MTc3OTE3NzIyNSwiZXhwIjoxNzc5MjYzNjI1LCJ1c2VybmFtZSI6ImxvYWRfdXNlcl8wMDk1In0.-sIwKnTACg6LPpu0RRz3DSRRmFC3YvG-NRPZVh9vYYw
load_user_0096,Load@123456,eyJhbGciOiJIUzI1NiIsInR5cCI6IkpXVCJ9.eyJzdWIiOiI5OCIsImlhdCI6MTc3OTE3NzIyNSwiZXhwIjoxNzc5MjYzNjI1LCJ1c2VybmFtZSI6ImxvYWRfdXNlcl8wMDk2In0.T77dYU3hZQyVOo0H5XCxT-A7stivdF_DLOi7E-nel5g
load_user_0097,Load@123456,eyJhbGciOiJIUzI1NiIsInR5cCI6IkpXVCJ9.eyJzdWIiOiI5OSIsImlhdCI6MTc3OTE3NzIyNiwiZXhwIjoxNzc5MjYzNjI2LCJ1c2VybmFtZSI6ImxvYWRfdXNlcl8wMDk3In0.iJkcvTMiRCRsT8fP9Q66Ybt_HpHA5_ROLUCPcKorinc
load_user_0098,Load@123456,eyJhbGciOiJIUzI1NiIsInR5cCI6IkpXVCJ9.eyJzdWIiOiIxMDAiLCJpYXQiOjE3NzkxNzcyMjYsImV4cCI6MTc3OTI2MzYyNiwidXNlcm5hbWUiOiJsb2FkX3VzZXJfMDA5OCJ9.FPc36stP7iy-jqd_5GFlSepKmBYklN97N9VUWoXcjxw
load_user_0099,Load@123456,eyJhbGciOiJIUzI1NiIsInR5cCI6IkpXVCJ9.eyJzdWIiOiIxMDEiLCJpYXQiOjE3NzkxNzcyMjYsImV4cCI6MTc3OTI2MzYyNiwidXNlcm5hbWUiOiJsb2FkX3VzZXJfMDA5OSJ9.5k-C3FPCYnLo-yUZOGJ-oxOO5n3pIc9ipwyAd7PAVIY
load_user_0100,Load@123456,eyJhbGciOiJIUzI1NiIsInR5cCI6IkpXVCJ9.eyJzdWIiOiIxMDIiLCJpYXQiOjE3NzkxNzcyMjYsImV4cCI6MTc3OTI2MzYyNiwidXNlcm5hbWUiOiJsb2FkX3VzZXJfMDEwMCJ9.8ITAWrBvidWSL6rCi0gK3c_ldSLrkbxnfbylVTtUinY
load_user_0101,Load@123456,eyJhbGciOiJIUzI1NiIsInR5cCI6IkpXVCJ9.eyJzdWIiOiIxMDMiLCJpYXQiOjE3NzkxNzcyMjYsImV4cCI6MTc3OTI2MzYyNiwidXNlcm5hbWUiOiJsb2FkX3VzZXJfMDEwMSJ9.4EUGla297XijiJyxej3ALB1EBG5FKAGNRWPkXGlozcI
load_user_0102,Load@123456,eyJhbGciOiJIUzI1NiIsInR5cCI6IkpXVCJ9.eyJzdWIiOiIxMDQiLCJpYXQiOjE3NzkxNzcyMjYsImV4cCI6MTc3OTI2MzYyNiwidXNlcm5hbWUiOiJsb2FkX3VzZXJfMDEwMiJ9.ktzwhMvy_OkOTS1XqGFwvf4WmaWkER5eNTy9mbWVc0Y
load_user_0103,Load@123456,eyJhbGciOiJIUzI1NiIsInR5cCI6IkpXVCJ9.eyJzdWIiOiIxMDUiLCJpYXQiOjE3NzkxNzcyMjcsImV4cCI6MTc3OTI2MzYyNywidXNlcm5hbWUiOiJsb2FkX3VzZXJfMDEwMyJ9.hLQU-p0XMn99XcMb8hxD686f92ObS3LRIxeryL7sCXo
load_user_0104,Load@123456,eyJhbGciOiJIUzI1NiIsInR5cCI6IkpXVCJ9.eyJzdWIiOiIxMDYiLCJpYXQiOjE3NzkxNzcyMjcsImV4cCI6MTc3OTI2MzYyNywidXNlcm5hbWUiOiJsb2FkX3VzZXJfMDEwNCJ9.qZSh8e7432keUJt8Xf5RERx20Frx3KD8Skir1dojjjY
load_user_0105,Load@123456,eyJhbGciOiJIUzI1NiIsInR5cCI6IkpXVCJ9.eyJzdWIiOiIxMDciLCJpYXQiOjE3NzkxNzcyMjcsImV4cCI6MTc3OTI2MzYyNywidXNlcm5hbWUiOiJsb2FkX3VzZXJfMDEwNSJ9.-REuyAv6czddZS-XOoBG3d9qUxQjvpNShcjI_uvG5gI
load_user_0106,Load@123456,eyJhbGciOiJIUzI1NiIsInR5cCI6IkpXVCJ9.eyJzdWIiOiIxMDgiLCJpYXQiOjE3NzkxNzcyMjcsImV4cCI6MTc3OTI2MzYyNywidXNlcm5hbWUiOiJsb2FkX3VzZXJfMDEwNiJ9.m7R41_-5SSWUYs5NnAa5AFPX5Wuh5ZrFMGFces_WWEc
load_user_0107,Load@123456,eyJhbGciOiJIUzI1NiIsInR5cCI6IkpXVCJ9.eyJzdWIiOiIxMDkiLCJpYXQiOjE3NzkxNzcyMjcsImV4cCI6MTc3OTI2MzYyNywidXNlcm5hbWUiOiJsb2FkX3VzZXJfMDEwNyJ9.NMIqO4QBmgld7q5K4MMtuwXbpBXw5rfbIHzOOlJxIzk
load_user_0108,Load@123456,eyJhbGciOiJIUzI1NiIsInR5cCI6IkpXVCJ9.eyJzdWIiOiIxMTAiLCJpYXQiOjE3NzkxNzcyMjcsImV4cCI6MTc3OTI2MzYyNywidXNlcm5hbWUiOiJsb2FkX3VzZXJfMDEwOCJ9.FgqAIqt9iXXMfG_nykIm9_0eClUsm-4mbDFlPzSCalA
load_user_0109,Load@123456,eyJhbGciOiJIUzI1NiIsInR5cCI6IkpXVCJ9.eyJzdWIiOiIxMTEiLCJpYXQiOjE3NzkxNzcyMjgsImV4cCI6MTc3OTI2MzYyOCwidXNlcm5hbWUiOiJsb2FkX3VzZXJfMDEwOSJ9.sbyMUgV-dJCnYoiPNvrp_0s4TSasfsZO87WW9CPo4gA
load_user_0110,Load@123456,eyJhbGciOiJIUzI1NiIsInR5cCI6IkpXVCJ9.eyJzdWIiOiIxMTIiLCJpYXQiOjE3NzkxNzcyMjgsImV4cCI6MTc3OTI2MzYyOCwidXNlcm5hbWUiOiJsb2FkX3VzZXJfMDExMCJ9.ZhNHZWFun0_w8dKjHZBd8IHY6E2Y27zIgbCsqxgrc0E
load_user_0111,Load@123456,eyJhbGciOiJIUzI1NiIsInR5cCI6IkpXVCJ9.eyJzdWIiOiIxMTMiLCJpYXQiOjE3NzkxNzcyMjgsImV4cCI6MTc3OTI2MzYyOCwidXNlcm5hbWUiOiJsb2FkX3VzZXJfMDExMSJ9.CxRQEcj7xflp_LFNqlgW-38dIIdFOaawZ8TLtAZC748
load_user_0112,Load@123456,eyJhbGciOiJIUzI1NiIsInR5cCI6IkpXVCJ9.eyJzdWIiOiIxMTQiLCJpYXQiOjE3NzkxNzcyMjgsImV4cCI6MTc3OTI2MzYyOCwidXNlcm5hbWUiOiJsb2FkX3VzZXJfMDExMiJ9.VwS-n0x6xRqBfUbkn3nnSrQAZmOfDiJ2ii8AXokF8iE
load_user_0113,Load@123456,eyJhbGciOiJIUzI1NiIsInR5cCI6IkpXVCJ9.eyJzdWIiOiIxMTUiLCJpYXQiOjE3NzkxNzcyMjgsImV4cCI6MTc3OTI2MzYyOCwidXNlcm5hbWUiOiJsb2FkX3VzZXJfMDExMyJ9.w0xn92e8nMxp7dzJf_g9Lnvc84i3pPkwZ7qxqMidqF0
load_user_0114,Load@123456,eyJhbGciOiJIUzI1NiIsInR5cCI6IkpXVCJ9.eyJzdWIiOiIxMTYiLCJpYXQiOjE3NzkxNzcyMjksImV4cCI6MTc3OTI2MzYyOSwidXNlcm5hbWUiOiJsb2FkX3VzZXJfMDExNCJ9.3nke7XQIZ0nXKHfwJH0uFSvAAs9X10FyVPhqtgjDZTs
load_user_0115,Load@123456,eyJhbGciOiJIUzI1NiIsInR5cCI6IkpXVCJ9.eyJzdWIiOiIxMTciLCJpYXQiOjE3NzkxNzcyMjksImV4cCI6MTc3OTI2MzYyOSwidXNlcm5hbWUiOiJsb2FkX3VzZXJfMDExNSJ9.XzGRRZtCAuM8y6pfCuF4xirr7kQn9e4lcDiV_cNJd9w
load_user_0116,Load@123456,eyJhbGciOiJIUzI1NiIsInR5cCI6IkpXVCJ9.eyJzdWIiOiIxMTgiLCJpYXQiOjE3NzkxNzcyMjksImV4cCI6MTc3OTI2MzYyOSwidXNlcm5hbWUiOiJsb2FkX3VzZXJfMDExNiJ9.lhMoLPLR26h0a-m3w2UT9Rj2aBuz4RrF3FkvrMqQ6FM
load_user_0117,Load@123456,eyJhbGciOiJIUzI1NiIsInR5cCI6IkpXVCJ9.eyJzdWIiOiIxMTkiLCJpYXQiOjE3NzkxNzcyMjksImV4cCI6MTc3OTI2MzYyOSwidXNlcm5hbWUiOiJsb2FkX3VzZXJfMDExNyJ9.jfWIjnEN-GXZQlV8BMYVZPctvn8gOtxP0XX3y5XIZRA
load_user_0118,Load@123456,eyJhbGciOiJIUzI1NiIsInR5cCI6IkpXVCJ9.eyJzdWIiOiIxMjAiLCJpYXQiOjE3NzkxNzcyMjksImV4cCI6MTc3OTI2MzYyOSwidXNlcm5hbWUiOiJsb2FkX3VzZXJfMDExOCJ9.ndjMCf7cPSp0C_0HIf9tBZllCnxuiGQeFw33m3tWV4I
load_user_0119,Load@123456,eyJhbGciOiJIUzI1NiIsInR5cCI6IkpXVCJ9.eyJzdWIiOiIxMjEiLCJpYXQiOjE3NzkxNzcyMjksImV4cCI6MTc3OTI2MzYyOSwidXNlcm5hbWUiOiJsb2FkX3VzZXJfMDExOSJ9.bb4opzIuyukh1bvZC55781rmeSIKVPrTPGyfhKVBTmI
load_user_0120,Load@123456,eyJhbGciOiJIUzI1NiIsInR5cCI6IkpXVCJ9.eyJzdWIiOiIxMjIiLCJpYXQiOjE3NzkxNzcyMzAsImV4cCI6MTc3OTI2MzYzMCwidXNlcm5hbWUiOiJsb2FkX3VzZXJfMDEyMCJ9.afL7yYdKMHKBInFdMPmTkaweIy7pD-OQFG466vXWBiw
load_user_0121,Load@123456,eyJhbGciOiJIUzI1NiIsInR5cCI6IkpXVCJ9.eyJzdWIiOiIxMjMiLCJpYXQiOjE3NzkxNzcyMzAsImV4cCI6MTc3OTI2MzYzMCwidXNlcm5hbWUiOiJsb2FkX3VzZXJfMDEyMSJ9.DX95NXWYSEwxYXo8qlJCUZXV1nOqxQW7Las11Lw6eM8
load_user_0122,Load@123456,eyJhbGciOiJIUzI1NiIsInR5cCI6IkpXVCJ9.eyJzdWIiOiIxMjQiLCJpYXQiOjE3NzkxNzcyMzAsImV4cCI6MTc3OTI2MzYzMCwidXNlcm5hbWUiOiJsb2FkX3VzZXJfMDEyMiJ9.-EZxB9LqwjVfkR1Hdlbyj30E0ioZ8CQ_ZGdfVwxhQnI
load_user_0123,Load@123456,eyJhbGciOiJIUzI1NiIsInR5cCI6IkpXVCJ9.eyJzdWIiOiIxMjUiLCJpYXQiOjE3NzkxNzcyMzAsImV4cCI6MTc3OTI2MzYzMCwidXNlcm5hbWUiOiJsb2FkX3VzZXJfMDEyMyJ9.WGcwo8onlzXTtMCl5rzE9YWAWKpYxnnWynyh8HMGyCc
load_user_0124,Load@123456,eyJhbGciOiJIUzI1NiIsInR5cCI6IkpXVCJ9.eyJzdWIiOiIxMjYiLCJpYXQiOjE3NzkxNzcyMzAsImV4cCI6MTc3OTI2MzYzMCwidXNlcm5hbWUiOiJsb2FkX3VzZXJfMDEyNCJ9.c-fmplshMAt7hiLU29LjAwa5Dw9SlQXt1Us8cydM574
load_user_0125,Load@123456,eyJhbGciOiJIUzI1NiIsInR5cCI6IkpXVCJ9.eyJzdWIiOiIxMjciLCJpYXQiOjE3NzkxNzcyMzEsImV4cCI6MTc3OTI2MzYzMSwidXNlcm5hbWUiOiJsb2FkX3VzZXJfMDEyNSJ9.DCEprMNbicGkugbWRW6XFR0LIZE0yT7kLx9iHnxmjdg
load_user_0126,Load@123456,eyJhbGciOiJIUzI1NiIsInR5cCI6IkpXVCJ9.eyJzdWIiOiIxMjgiLCJpYXQiOjE3NzkxNzcyMzEsImV4cCI6MTc3OTI2MzYzMSwidXNlcm5hbWUiOiJsb2FkX3VzZXJfMDEyNiJ9.PbdwXc-r76jKyyKK2P8y7k_8MqB25C4e8qiqQq27iHk
load_user_0127,Load@123456,eyJhbGciOiJIUzI1NiIsInR5cCI6IkpXVCJ9.eyJzdWIiOiIxMjkiLCJpYXQiOjE3NzkxNzcyMzEsImV4cCI6MTc3OTI2MzYzMSwidXNlcm5hbWUiOiJsb2FkX3VzZXJfMDEyNyJ9.bBShkwxfA8l_nPEvjLFebX05xASnO7VnILzP568Q34Q
load_user_0128,Load@123456,eyJhbGciOiJIUzI1NiIsInR5cCI6IkpXVCJ9.eyJzdWIiOiIxMzAiLCJpYXQiOjE3NzkxNzcyMzEsImV4cCI6MTc3OTI2MzYzMSwidXNlcm5hbWUiOiJsb2FkX3VzZXJfMDEyOCJ9.m0CGJKwvbpBvg23TnM5xm8ebCqDRmHOfOeTiZ_5AAiI
load_user_0129,Load@123456,eyJhbGciOiJIUzI1NiIsInR5cCI6IkpXVCJ9.eyJzdWIiOiIxMzEiLCJpYXQiOjE3NzkxNzcyMzEsImV4cCI6MTc3OTI2MzYzMSwidXNlcm5hbWUiOiJsb2FkX3VzZXJfMDEyOSJ9.0ysighMYfkmrCObW7Kwtt2zgFVA5Rs7nFMKHOoWuS30
load_user_0130,Load@123456,eyJhbGciOiJIUzI1NiIsInR5cCI6IkpXVCJ9.eyJzdWIiOiIxMzIiLCJpYXQiOjE3NzkxNzcyMzEsImV4cCI6MTc3OTI2MzYzMSwidXNlcm5hbWUiOiJsb2FkX3VzZXJfMDEzMCJ9.pWVGSDUZ3gU-z7nQJGPt81pluSkEghtqiUmETgMXf1I
load_user_0131,Load@123456,eyJhbGciOiJIUzI1NiIsInR5cCI6IkpXVCJ9.eyJzdWIiOiIxMzMiLCJpYXQiOjE3NzkxNzcyMzIsImV4cCI6MTc3OTI2MzYzMiwidXNlcm5hbWUiOiJsb2FkX3VzZXJfMDEzMSJ9.hWMxuKKaqKa8NDxoqOQ0HUb_MYIFFmRaJdDZd6GX0UE
load_user_0132,Load@123456,eyJhbGciOiJIUzI1NiIsInR5cCI6IkpXVCJ9.eyJzdWIiOiIxMzQiLCJpYXQiOjE3NzkxNzcyMzIsImV4cCI6MTc3OTI2MzYzMiwidXNlcm5hbWUiOiJsb2FkX3VzZXJfMDEzMiJ9.6Ofd94UCCY43w6Sbwkn6kGCjjwzabpg2ZCjeZlFGdsM
load_user_0133,Load@123456,eyJhbGciOiJIUzI1NiIsInR5cCI6IkpXVCJ9.eyJzdWIiOiIxMzUiLCJpYXQiOjE3NzkxNzcyMzIsImV4cCI6MTc3OTI2MzYzMiwidXNlcm5hbWUiOiJsb2FkX3VzZXJfMDEzMyJ9.AYhpiw5CInaYGwCIW6LO_KM41zlYTmP2MGzMFekMdzw
load_user_0134,Load@123456,eyJhbGciOiJIUzI1NiIsInR5cCI6IkpXVCJ9.eyJzdWIiOiIxMzYiLCJpYXQiOjE3NzkxNzcyMzIsImV4cCI6MTc3OTI2MzYzMiwidXNlcm5hbWUiOiJsb2FkX3VzZXJfMDEzNCJ9.obuZD4Cu7OWH_gM9oaz2M8iLPo8D6Yi1uddmGpOj1Go
load_user_0135,Load@123456,eyJhbGciOiJIUzI1NiIsInR5cCI6IkpXVCJ9.eyJzdWIiOiIxMzciLCJpYXQiOjE3NzkxNzcyMzIsImV4cCI6MTc3OTI2MzYzMiwidXNlcm5hbWUiOiJsb2FkX3VzZXJfMDEzNSJ9.cZAnjWNRclmtaSzK86LQkONXMnOL4z7YfWpLyvfX5-8
load_user_0136,Load@123456,eyJhbGciOiJIUzI1NiIsInR5cCI6IkpXVCJ9.eyJzdWIiOiIxMzgiLCJpYXQiOjE3NzkxNzcyMzMsImV4cCI6MTc3OTI2MzYzMywidXNlcm5hbWUiOiJsb2FkX3VzZXJfMDEzNiJ9.DhusmS0eydDXy5dklULUqPA6XOArvPGIgNE0c7zHKpU
load_user_0137,Load@123456,eyJhbGciOiJIUzI1NiIsInR5cCI6IkpXVCJ9.eyJzdWIiOiIxMzkiLCJpYXQiOjE3NzkxNzcyMzMsImV4cCI6MTc3OTI2MzYzMywidXNlcm5hbWUiOiJsb2FkX3VzZXJfMDEzNyJ9.hYSgppCpb-Ijsvacft2nu_-RQ6xgyKXU4JTqH0tqxKo
load_user_0138,Load@123456,eyJhbGciOiJIUzI1NiIsInR5cCI6IkpXVCJ9.eyJzdWIiOiIxNDAiLCJpYXQiOjE3NzkxNzcyMzMsImV4cCI6MTc3OTI2MzYzMywidXNlcm5hbWUiOiJsb2FkX3VzZXJfMDEzOCJ9.00LdF8sAYbYDguXzJ1mAWxJGW1IQ6DgO8uHXBef16IU
load_user_0139,Load@123456,eyJhbGciOiJIUzI1NiIsInR5cCI6IkpXVCJ9.eyJzdWIiOiIxNDEiLCJpYXQiOjE3NzkxNzcyMzMsImV4cCI6MTc3OTI2MzYzMywidXNlcm5hbWUiOiJsb2FkX3VzZXJfMDEzOSJ9.6u1UtasrIwafQNuPhEv9QfsRHsw3-EKCYIVw-l2hKLQ
load_user_0140,Load@123456,eyJhbGciOiJIUzI1NiIsInR5cCI6IkpXVCJ9.eyJzdWIiOiIxNDIiLCJpYXQiOjE3NzkxNzcyMzMsImV4cCI6MTc3OTI2MzYzMywidXNlcm5hbWUiOiJsb2FkX3VzZXJfMDE0MCJ9.mOL52PpvT2ZpuQtfRd_SSVhDizu4jMuYmh9C6_YoDxk
load_user_0141,Load@123456,eyJhbGciOiJIUzI1NiIsInR5cCI6IkpXVCJ9.eyJzdWIiOiIxNDMiLCJpYXQiOjE3NzkxNzcyMzMsImV4cCI6MTc3OTI2MzYzMywidXNlcm5hbWUiOiJsb2FkX3VzZXJfMDE0MSJ9.QxzTsM92pi8o-mksvAvlt-clXHvr2ihgduFK2OnfFLM
load_user_0142,Load@123456,eyJhbGciOiJIUzI1NiIsInR5cCI6IkpXVCJ9.eyJzdWIiOiIxNDQiLCJpYXQiOjE3NzkxNzcyMzQsImV4cCI6MTc3OTI2MzYzNCwidXNlcm5hbWUiOiJsb2FkX3VzZXJfMDE0MiJ9.cKiMGOaSsKNG3h-Iy2GTjMdpKGEmQ1oCQcFtZkioXlk
load_user_0143,Load@123456,eyJhbGciOiJIUzI1NiIsInR5cCI6IkpXVCJ9.eyJzdWIiOiIxNDUiLCJpYXQiOjE3NzkxNzcyMzQsImV4cCI6MTc3OTI2MzYzNCwidXNlcm5hbWUiOiJsb2FkX3VzZXJfMDE0MyJ9.Y2OmW8Egft5i-kEsdv_6RLGO_4uClF0T_KtFC9oihBQ
load_user_0144,Load@123456,eyJhbGciOiJIUzI1NiIsInR5cCI6IkpXVCJ9.eyJzdWIiOiIxNDYiLCJpYXQiOjE3NzkxNzcyMzQsImV4cCI6MTc3OTI2MzYzNCwidXNlcm5hbWUiOiJsb2FkX3VzZXJfMDE0NCJ9.wPvsevYg4w7i1ZHikOQFP7uh3myHySLEUkO7jWdOyIA
load_user_0145,Load@123456,eyJhbGciOiJIUzI1NiIsInR5cCI6IkpXVCJ9.eyJzdWIiOiIxNDciLCJpYXQiOjE3NzkxNzcyMzQsImV4cCI6MTc3OTI2MzYzNCwidXNlcm5hbWUiOiJsb2FkX3VzZXJfMDE0NSJ9.j4TOkrZ-2t66L2ZaqtTOIdTEIVXpanVzFJ02DUj7kDg
load_user_0146,Load@123456,eyJhbGciOiJIUzI1NiIsInR5cCI6IkpXVCJ9.eyJzdWIiOiIxNDgiLCJpYXQiOjE3NzkxNzcyMzQsImV4cCI6MTc3OTI2MzYzNCwidXNlcm5hbWUiOiJsb2FkX3VzZXJfMDE0NiJ9._e9ec4Hnq0QOMfTosNwNQfRcMMo0WDdhT7JHeuetrEk
load_user_0147,Load@123456,eyJhbGciOiJIUzI1NiIsInR5cCI6IkpXVCJ9.eyJzdWIiOiIxNDkiLCJpYXQiOjE3NzkxNzcyMzUsImV4cCI6MTc3OTI2MzYzNSwidXNlcm5hbWUiOiJsb2FkX3VzZXJfMDE0NyJ9.47oUDA3kj_4HVKt_T3Fg-wCAsonDC3SMzG_i_ezvl74
load_user_0148,Load@123456,eyJhbGciOiJIUzI1NiIsInR5cCI6IkpXVCJ9.eyJzdWIiOiIxNTAiLCJpYXQiOjE3NzkxNzcyMzUsImV4cCI6MTc3OTI2MzYzNSwidXNlcm5hbWUiOiJsb2FkX3VzZXJfMDE0OCJ9.iKfbEAxM7of5dFXfhbwjA02ijNf07psa0XrEdgiAO9A
load_user_0149,Load@123456,eyJhbGciOiJIUzI1NiIsInR5cCI6IkpXVCJ9.eyJzdWIiOiIxNTEiLCJpYXQiOjE3NzkxNzcyMzUsImV4cCI6MTc3OTI2MzYzNSwidXNlcm5hbWUiOiJsb2FkX3VzZXJfMDE0OSJ9.qIQIypnfPUslk1EezYOO35oLc8ir4IRiTKPFZyqlszA
load_user_0150,Load@123456,eyJhbGciOiJIUzI1NiIsInR5cCI6IkpXVCJ9.eyJzdWIiOiIxNTIiLCJpYXQiOjE3NzkxNzcyMzUsImV4cCI6MTc3OTI2MzYzNSwidXNlcm5hbWUiOiJsb2FkX3VzZXJfMDE1MCJ9.tABXjGFiBBg5cLU9MwFB__0QeD2iNc_fUWU3qdHtCGg
load_user_0151,Load@123456,eyJhbGciOiJIUzI1NiIsInR5cCI6IkpXVCJ9.eyJzdWIiOiIxNTMiLCJpYXQiOjE3NzkxNzcyMzUsImV4cCI6MTc3OTI2MzYzNSwidXNlcm5hbWUiOiJsb2FkX3VzZXJfMDE1MSJ9.h378OIdtVXmL7fSqIHI5xonMwWyMly5SES0XgK7TJzw
load_user_0152,Load@123456,eyJhbGciOiJIUzI1NiIsInR5cCI6IkpXVCJ9.eyJzdWIiOiIxNTQiLCJpYXQiOjE3NzkxNzcyMzYsImV4cCI6MTc3OTI2MzYzNiwidXNlcm5hbWUiOiJsb2FkX3VzZXJfMDE1MiJ9.sLfARI5gSOEUHVbdhtuif0_uIOWD0NjHL8WokYrNrqI
load_user_0153,Load@123456,eyJhbGciOiJIUzI1NiIsInR5cCI6IkpXVCJ9.eyJzdWIiOiIxNTUiLCJpYXQiOjE3NzkxNzcyMzYsImV4cCI6MTc3OTI2MzYzNiwidXNlcm5hbWUiOiJsb2FkX3VzZXJfMDE1MyJ9.Ls3sFNpW1Kk20F7Z-tGPRsm95ctbvXpgIcJZeFAFQoU
load_user_0154,Load@123456,eyJhbGciOiJIUzI1NiIsInR5cCI6IkpXVCJ9.eyJzdWIiOiIxNTYiLCJpYXQiOjE3NzkxNzcyMzYsImV4cCI6MTc3OTI2MzYzNiwidXNlcm5hbWUiOiJsb2FkX3VzZXJfMDE1NCJ9.2z7MEPujGnrOHQLUkdera2pv96c1UOLjLWpo2EhTWys
load_user_0155,Load@123456,eyJhbGciOiJIUzI1NiIsInR5cCI6IkpXVCJ9.eyJzdWIiOiIxNTciLCJpYXQiOjE3NzkxNzcyMzYsImV4cCI6MTc3OTI2MzYzNiwidXNlcm5hbWUiOiJsb2FkX3VzZXJfMDE1NSJ9.C1NX_EFT3uZDsgTFMaEibERkCNccb-MGOcIKEur02lQ
load_user_0156,Load@123456,eyJhbGciOiJIUzI1NiIsInR5cCI6IkpXVCJ9.eyJzdWIiOiIxNTgiLCJpYXQiOjE3NzkxNzcyMzYsImV4cCI6MTc3OTI2MzYzNiwidXNlcm5hbWUiOiJsb2FkX3VzZXJfMDE1NiJ9.oSUb7ViRH90ivnpWVlLiUi9QWYSgj35Ai8lPQY1H56w
load_user_0157,Load@123456,eyJhbGciOiJIUzI1NiIsInR5cCI6IkpXVCJ9.eyJzdWIiOiIxNTkiLCJpYXQiOjE3NzkxNzcyMzYsImV4cCI6MTc3OTI2MzYzNiwidXNlcm5hbWUiOiJsb2FkX3VzZXJfMDE1NyJ9.punnUBpTmlrvoij8yRmLXff9tOkRe0KTk9aKJjCI79Y
load_user_0158,Load@123456,eyJhbGciOiJIUzI1NiIsInR5cCI6IkpXVCJ9.eyJzdWIiOiIxNjAiLCJpYXQiOjE3NzkxNzcyMzcsImV4cCI6MTc3OTI2MzYzNywidXNlcm5hbWUiOiJsb2FkX3VzZXJfMDE1OCJ9.Y6spIIzcIG1Vzg_z7urYAbDbgd0pD1rSYq7sPfZvLVE
load_user_0159,Load@123456,eyJhbGciOiJIUzI1NiIsInR5cCI6IkpXVCJ9.eyJzdWIiOiIxNjEiLCJpYXQiOjE3NzkxNzcyMzcsImV4cCI6MTc3OTI2MzYzNywidXNlcm5hbWUiOiJsb2FkX3VzZXJfMDE1OSJ9.5C2aitwXoOwvDOi2ssO4xH86GWSfej6iR4cfSZjWjJs
load_user_0160,Load@123456,eyJhbGciOiJIUzI1NiIsInR5cCI6IkpXVCJ9.eyJzdWIiOiIxNjIiLCJpYXQiOjE3NzkxNzcyMzcsImV4cCI6MTc3OTI2MzYzNywidXNlcm5hbWUiOiJsb2FkX3VzZXJfMDE2MCJ9.Ptg-co9Tk6gB_CNNbMdDGU5PA2D0eaE5ZSxJ8yrfzDQ
load_user_0161,Load@123456,eyJhbGciOiJIUzI1NiIsInR5cCI6IkpXVCJ9.eyJzdWIiOiIxNjMiLCJpYXQiOjE3NzkxNzcyMzcsImV4cCI6MTc3OTI2MzYzNywidXNlcm5hbWUiOiJsb2FkX3VzZXJfMDE2MSJ9.Nbv0Z-iPu29EzoM9aoaYQvvY_B38-u8SHssflhtFcJo
load_user_0162,Load@123456,eyJhbGciOiJIUzI1NiIsInR5cCI6IkpXVCJ9.eyJzdWIiOiIxNjQiLCJpYXQiOjE3NzkxNzcyMzcsImV4cCI6MTc3OTI2MzYzNywidXNlcm5hbWUiOiJsb2FkX3VzZXJfMDE2MiJ9.2UxN1hEo7aLdG_jx4Mv7T51RQdZCfzWS9FlQ13QMAik
load_user_0163,Load@123456,eyJhbGciOiJIUzI1NiIsInR5cCI6IkpXVCJ9.eyJzdWIiOiIxNjUiLCJpYXQiOjE3NzkxNzcyMzgsImV4cCI6MTc3OTI2MzYzOCwidXNlcm5hbWUiOiJsb2FkX3VzZXJfMDE2MyJ9.uFr17CF2WFr1E-6njtgFkioYFgiafOq9W-UYeCS3rRM
load_user_0164,Load@123456,eyJhbGciOiJIUzI1NiIsInR5cCI6IkpXVCJ9.eyJzdWIiOiIxNjYiLCJpYXQiOjE3NzkxNzcyMzgsImV4cCI6MTc3OTI2MzYzOCwidXNlcm5hbWUiOiJsb2FkX3VzZXJfMDE2NCJ9.S7LMsUiMGqh1tRxfUL8jrS6aKxgolAm3VRo2RsaiRyA
load_user_0165,Load@123456,eyJhbGciOiJIUzI1NiIsInR5cCI6IkpXVCJ9.eyJzdWIiOiIxNjciLCJpYXQiOjE3NzkxNzcyMzgsImV4cCI6MTc3OTI2MzYzOCwidXNlcm5hbWUiOiJsb2FkX3VzZXJfMDE2NSJ9.kOwB19JwBeAj-IIhhFFeC_GYZiCcsUF7U6HVdmTanqI
load_user_0166,Load@123456,eyJhbGciOiJIUzI1NiIsInR5cCI6IkpXVCJ9.eyJzdWIiOiIxNjgiLCJpYXQiOjE3NzkxNzcyMzgsImV4cCI6MTc3OTI2MzYzOCwidXNlcm5hbWUiOiJsb2FkX3VzZXJfMDE2NiJ9.SXhOQS1Fq4A6nMdiFr-VH9UW_-X3i3Cx7kiKQl0T4wA
load_user_0167,Load@123456,eyJhbGciOiJIUzI1NiIsInR5cCI6IkpXVCJ9.eyJzdWIiOiIxNjkiLCJpYXQiOjE3NzkxNzcyMzgsImV4cCI6MTc3OTI2MzYzOCwidXNlcm5hbWUiOiJsb2FkX3VzZXJfMDE2NyJ9.Zcslvge7bpWx6AM_pOYt8TT50CFlqVu0NerRXc0P940
load_user_0168,Load@123456,eyJhbGciOiJIUzI1NiIsInR5cCI6IkpXVCJ9.eyJzdWIiOiIxNzAiLCJpYXQiOjE3NzkxNzcyMzksImV4cCI6MTc3OTI2MzYzOSwidXNlcm5hbWUiOiJsb2FkX3VzZXJfMDE2OCJ9.dDcmmmJsyWnRi-p64Wy6FWuSmtyKgmH0muml-OHV_J0
load_user_0169,Load@123456,eyJhbGciOiJIUzI1NiIsInR5cCI6IkpXVCJ9.eyJzdWIiOiIxNzEiLCJpYXQiOjE3NzkxNzcyMzksImV4cCI6MTc3OTI2MzYzOSwidXNlcm5hbWUiOiJsb2FkX3VzZXJfMDE2OSJ9.Qtsk1mWBSuX7eVH-8QntMA6cb00CmoB9IhOCdbHwqPU
load_user_0170,Load@123456,eyJhbGciOiJIUzI1NiIsInR5cCI6IkpXVCJ9.eyJzdWIiOiIxNzIiLCJpYXQiOjE3NzkxNzcyMzksImV4cCI6MTc3OTI2MzYzOSwidXNlcm5hbWUiOiJsb2FkX3VzZXJfMDE3MCJ9.KRHVWfvoEOmAisBeZDbAXKY5-jyaZukl6TZCe9NvPHc
load_user_0171,Load@123456,eyJhbGciOiJIUzI1NiIsInR5cCI6IkpXVCJ9.eyJzdWIiOiIxNzMiLCJpYXQiOjE3NzkxNzcyMzksImV4cCI6MTc3OTI2MzYzOSwidXNlcm5hbWUiOiJsb2FkX3VzZXJfMDE3MSJ9.cq1X4-yLSwt3GltFsQXDv3p-MyVt1WyP36hHHJhjhFw
load_user_0172,Load@123456,eyJhbGciOiJIUzI1NiIsInR5cCI6IkpXVCJ9.eyJzdWIiOiIxNzQiLCJpYXQiOjE3NzkxNzcyMzksImV4cCI6MTc3OTI2MzYzOSwidXNlcm5hbWUiOiJsb2FkX3VzZXJfMDE3MiJ9.283X_Fo_8W2fmyQ1LniOgBgn1KcusQzQbJQp1lvXWNU
load_user_0173,Load@123456,eyJhbGciOiJIUzI1NiIsInR5cCI6IkpXVCJ9.eyJzdWIiOiIxNzUiLCJpYXQiOjE3NzkxNzcyMzksImV4cCI6MTc3OTI2MzYzOSwidXNlcm5hbWUiOiJsb2FkX3VzZXJfMDE3MyJ9.RBlFkyVIDPeL2jsbBlw55zPocpAcomk9FlVNarRGpQk
load_user_0174,Load@123456,eyJhbGciOiJIUzI1NiIsInR5cCI6IkpXVCJ9.eyJzdWIiOiIxNzYiLCJpYXQiOjE3NzkxNzcyNDAsImV4cCI6MTc3OTI2MzY0MCwidXNlcm5hbWUiOiJsb2FkX3VzZXJfMDE3NCJ9.pO-agx7CrGaqEEaoyw_YYhIbS6Ku_w6eXLQBfBjZgys
load_user_0175,Load@123456,eyJhbGciOiJIUzI1NiIsInR5cCI6IkpXVCJ9.eyJzdWIiOiIxNzciLCJpYXQiOjE3NzkxNzcyNDAsImV4cCI6MTc3OTI2MzY0MCwidXNlcm5hbWUiOiJsb2FkX3VzZXJfMDE3NSJ9.dO0Yo009JdHo_puXK9aRI2uioQsYnwbCAGaeS10Fkl0
load_user_0176,Load@123456,eyJhbGciOiJIUzI1NiIsInR5cCI6IkpXVCJ9.eyJzdWIiOiIxNzgiLCJpYXQiOjE3NzkxNzcyNDAsImV4cCI6MTc3OTI2MzY0MCwidXNlcm5hbWUiOiJsb2FkX3VzZXJfMDE3NiJ9.sN23pGVmD24vom-UHXtLoTwFAs3aD-0f__CP166CwB4
load_user_0177,Load@123456,eyJhbGciOiJIUzI1NiIsInR5cCI6IkpXVCJ9.eyJzdWIiOiIxNzkiLCJpYXQiOjE3NzkxNzcyNDAsImV4cCI6MTc3OTI2MzY0MCwidXNlcm5hbWUiOiJsb2FkX3VzZXJfMDE3NyJ9.WdTFwq5fIWAx16ErcOdeA1esGYewharwZM48EBWh5h8
load_user_0178,Load@123456,eyJhbGciOiJIUzI1NiIsInR5cCI6IkpXVCJ9.eyJzdWIiOiIxODAiLCJpYXQiOjE3NzkxNzcyNDAsImV4cCI6MTc3OTI2MzY0MCwidXNlcm5hbWUiOiJsb2FkX3VzZXJfMDE3OCJ9.3UqGnjpjd3nwWT0jQgaYGH39CvBOYZdltQpZ4ZsO5ag
load_user_0179,Load@123456,eyJhbGciOiJIUzI1NiIsInR5cCI6IkpXVCJ9.eyJzdWIiOiIxODEiLCJpYXQiOjE3NzkxNzcyNDEsImV4cCI6MTc3OTI2MzY0MSwidXNlcm5hbWUiOiJsb2FkX3VzZXJfMDE3OSJ9.F6FYcLl0fdgdagT5oYsIbr9xFrakw-4RsCYMh0S9mWw
load_user_0180,Load@123456,eyJhbGciOiJIUzI1NiIsInR5cCI6IkpXVCJ9.eyJzdWIiOiIxODIiLCJpYXQiOjE3NzkxNzcyNDEsImV4cCI6MTc3OTI2MzY0MSwidXNlcm5hbWUiOiJsb2FkX3VzZXJfMDE4MCJ9.tP6GQg8p_EHrkeZgP84czQF76GfN8OPVdCewfcGRs8s
load_user_0181,Load@123456,eyJhbGciOiJIUzI1NiIsInR5cCI6IkpXVCJ9.eyJzdWIiOiIxODMiLCJpYXQiOjE3NzkxNzcyNDEsImV4cCI6MTc3OTI2MzY0MSwidXNlcm5hbWUiOiJsb2FkX3VzZXJfMDE4MSJ9.9ihpwICoZJyf9DYvO46cJgrbZD28sOoo7Uc02RvWHAg
load_user_0182,Load@123456,eyJhbGciOiJIUzI1NiIsInR5cCI6IkpXVCJ9.eyJzdWIiOiIxODQiLCJpYXQiOjE3NzkxNzcyNDEsImV4cCI6MTc3OTI2MzY0MSwidXNlcm5hbWUiOiJsb2FkX3VzZXJfMDE4MiJ9.emFZ8w7Ow0ictqe9mQaEOGa6ec_owDwtYJDo3wKXxA8
load_user_0183,Load@123456,eyJhbGciOiJIUzI1NiIsInR5cCI6IkpXVCJ9.eyJzdWIiOiIxODUiLCJpYXQiOjE3NzkxNzcyNDEsImV4cCI6MTc3OTI2MzY0MSwidXNlcm5hbWUiOiJsb2FkX3VzZXJfMDE4MyJ9.WNyDaqOppa24OjYog3T4CbOeNIYgGnTZ7fVmhwCYh3M
load_user_0184,Load@123456,eyJhbGciOiJIUzI1NiIsInR5cCI6IkpXVCJ9.eyJzdWIiOiIxODYiLCJpYXQiOjE3NzkxNzcyNDIsImV4cCI6MTc3OTI2MzY0MiwidXNlcm5hbWUiOiJsb2FkX3VzZXJfMDE4NCJ9.YwQzf2ihGW7NVekezmcktnSi1YlDPyQz7TV1pkZhPlU
load_user_0185,Load@123456,eyJhbGciOiJIUzI1NiIsInR5cCI6IkpXVCJ9.eyJzdWIiOiIxODciLCJpYXQiOjE3NzkxNzcyNDIsImV4cCI6MTc3OTI2MzY0MiwidXNlcm5hbWUiOiJsb2FkX3VzZXJfMDE4NSJ9.V1Gh6veoNoVDsD6s1DHOyk5hKQ-u_7fq8kGMPQKjJGE
load_user_0186,Load@123456,eyJhbGciOiJIUzI1NiIsInR5cCI6IkpXVCJ9.eyJzdWIiOiIxODgiLCJpYXQiOjE3NzkxNzcyNDIsImV4cCI6MTc3OTI2MzY0MiwidXNlcm5hbWUiOiJsb2FkX3VzZXJfMDE4NiJ9.7ES0hMMOfAOhq6lRgoW4X3rQAIDg6syQn4VY0R_dp2Q
load_user_0187,Load@123456,eyJhbGciOiJIUzI1NiIsInR5cCI6IkpXVCJ9.eyJzdWIiOiIxODkiLCJpYXQiOjE3NzkxNzcyNDIsImV4cCI6MTc3OTI2MzY0MiwidXNlcm5hbWUiOiJsb2FkX3VzZXJfMDE4NyJ9.GqRz2Z7RNNCApYTkIruEnFMwZaajwTTjDqTl1waj0e8
load_user_0188,Load@123456,eyJhbGciOiJIUzI1NiIsInR5cCI6IkpXVCJ9.eyJzdWIiOiIxOTAiLCJpYXQiOjE3NzkxNzcyNDIsImV4cCI6MTc3OTI2MzY0MiwidXNlcm5hbWUiOiJsb2FkX3VzZXJfMDE4OCJ9.ZuiuAQj7fORTeAEpPTGJ3ovhSF4SgyKzjgfl6Jokl_4
load_user_0189,Load@123456,eyJhbGciOiJIUzI1NiIsInR5cCI6IkpXVCJ9.eyJzdWIiOiIxOTEiLCJpYXQiOjE3NzkxNzcyNDMsImV4cCI6MTc3OTI2MzY0MywidXNlcm5hbWUiOiJsb2FkX3VzZXJfMDE4OSJ9.HqrrpxleTi2nMiT7TR2DSNa1nuJYpKThTW72dvD-oOw
load_user_0190,Load@123456,eyJhbGciOiJIUzI1NiIsInR5cCI6IkpXVCJ9.eyJzdWIiOiIxOTIiLCJpYXQiOjE3NzkxNzcyNDMsImV4cCI6MTc3OTI2MzY0MywidXNlcm5hbWUiOiJsb2FkX3VzZXJfMDE5MCJ9.0RNzKbGIcMSYa8lUnHwQ3oIV6Gi4kmHnODZXXSrIsSk
load_user_0191,Load@123456,eyJhbGciOiJIUzI1NiIsInR5cCI6IkpXVCJ9.eyJzdWIiOiIxOTMiLCJpYXQiOjE3NzkxNzcyNDMsImV4cCI6MTc3OTI2MzY0MywidXNlcm5hbWUiOiJsb2FkX3VzZXJfMDE5MSJ9.OKp-h116cNec5M7bXSfCNeg0euYaO-7JuBnasO5L70I
load_user_0192,Load@123456,eyJhbGciOiJIUzI1NiIsInR5cCI6IkpXVCJ9.eyJzdWIiOiIxOTQiLCJpYXQiOjE3NzkxNzcyNDMsImV4cCI6MTc3OTI2MzY0MywidXNlcm5hbWUiOiJsb2FkX3VzZXJfMDE5MiJ9.xtrp8xsGT8E25VMs7keF7d8NxFl2LBRj6a42flmx5T8
load_user_0193,Load@123456,eyJhbGciOiJIUzI1NiIsInR5cCI6IkpXVCJ9.eyJzdWIiOiIxOTUiLCJpYXQiOjE3NzkxNzcyNDMsImV4cCI6MTc3OTI2MzY0MywidXNlcm5hbWUiOiJsb2FkX3VzZXJfMDE5MyJ9.qoe7mSRW28J6wgdv7wwvQYNpF-pp8mOy7rlCKBJO6wY
load_user_0194,Load@123456,eyJhbGciOiJIUzI1NiIsInR5cCI6IkpXVCJ9.eyJzdWIiOiIxOTYiLCJpYXQiOjE3NzkxNzcyNDMsImV4cCI6MTc3OTI2MzY0MywidXNlcm5hbWUiOiJsb2FkX3VzZXJfMDE5NCJ9.gBtpAb-xT7OWptsNE4KhEhYEmRTfmT-lXFwbbDg74PI
load_user_0195,Load@123456,eyJhbGciOiJIUzI1NiIsInR5cCI6IkpXVCJ9.eyJzdWIiOiIxOTciLCJpYXQiOjE3NzkxNzcyNDQsImV4cCI6MTc3OTI2MzY0NCwidXNlcm5hbWUiOiJsb2FkX3VzZXJfMDE5NSJ9.JY5ZPJXSLsRo05f7qGXz40DQ_mkFFW_yH7v-d1DKw5Y
load_user_0196,Load@123456,eyJhbGciOiJIUzI1NiIsInR5cCI6IkpXVCJ9.eyJzdWIiOiIxOTgiLCJpYXQiOjE3NzkxNzcyNDQsImV4cCI6MTc3OTI2MzY0NCwidXNlcm5hbWUiOiJsb2FkX3VzZXJfMDE5NiJ9.GM4FrJHGdGID5p5T2xRfLBQy2JtDPo0hXFHySg5egoE
load_user_0197,Load@123456,eyJhbGciOiJIUzI1NiIsInR5cCI6IkpXVCJ9.eyJzdWIiOiIxOTkiLCJpYXQiOjE3NzkxNzcyNDQsImV4cCI6MTc3OTI2MzY0NCwidXNlcm5hbWUiOiJsb2FkX3VzZXJfMDE5NyJ9.J_SJ6YnE60KZnIWkqLs9X1fkDWJv9FykAZJfQVM5I_Q
load_user_0198,Load@123456,eyJhbGciOiJIUzI1NiIsInR5cCI6IkpXVCJ9.eyJzdWIiOiIyMDAiLCJpYXQiOjE3NzkxNzcyNDQsImV4cCI6MTc3OTI2MzY0NCwidXNlcm5hbWUiOiJsb2FkX3VzZXJfMDE5OCJ9.fnO7B8kfCxIh7OJrF1sTdNhMk3eGlm7Gfuz9h64yw5Q
load_user_0199,Load@123456,eyJhbGciOiJIUzI1NiIsInR5cCI6IkpXVCJ9.eyJzdWIiOiIyMDEiLCJpYXQiOjE3NzkxNzcyNDQsImV4cCI6MTc3OTI2MzY0NCwidXNlcm5hbWUiOiJsb2FkX3VzZXJfMDE5OSJ9.dBqmKXX7opABjPIZKRd7ZoxxQmwJeTdFcxcytD-_Db8
load_user_0200,Load@123456,eyJhbGciOiJIUzI1NiIsInR5cCI6IkpXVCJ9.eyJzdWIiOiIyMDIiLCJpYXQiOjE3NzkxNzcyNDUsImV4cCI6MTc3OTI2MzY0NSwidXNlcm5hbWUiOiJsb2FkX3VzZXJfMDIwMCJ9.uZNcFlCAKpQjb00EiYxhyMLxUTkCjD2osy-xRz_4MF4
load_user_0201,Load@123456,eyJhbGciOiJIUzI1NiIsInR5cCI6IkpXVCJ9.eyJzdWIiOiIyMDMiLCJpYXQiOjE3NzkxNzcyNDUsImV4cCI6MTc3OTI2MzY0NSwidXNlcm5hbWUiOiJsb2FkX3VzZXJfMDIwMSJ9.df0l2VrEZOymKuybM_nAnDBGikeC0G7bXt5ylgimGw4
load_user_0202,Load@123456,eyJhbGciOiJIUzI1NiIsInR5cCI6IkpXVCJ9.eyJzdWIiOiIyMDQiLCJpYXQiOjE3NzkxNzcyNDUsImV4cCI6MTc3OTI2MzY0NSwidXNlcm5hbWUiOiJsb2FkX3VzZXJfMDIwMiJ9.fl8hpC0mK_C5rVdxekj20Zh5H7sbUtAxkSK-oHiW_Qk
load_user_0203,Load@123456,eyJhbGciOiJIUzI1NiIsInR5cCI6IkpXVCJ9.eyJzdWIiOiIyMDUiLCJpYXQiOjE3NzkxNzcyNDUsImV4cCI6MTc3OTI2MzY0NSwidXNlcm5hbWUiOiJsb2FkX3VzZXJfMDIwMyJ9.KiCYwtI0GQgjS92M5YrrqtLLDBzqegj5AHbcxQjdsm0
load_user_0204,Load@123456,eyJhbGciOiJIUzI1NiIsInR5cCI6IkpXVCJ9.eyJzdWIiOiIyMDYiLCJpYXQiOjE3NzkxNzcyNDUsImV4cCI6MTc3OTI2MzY0NSwidXNlcm5hbWUiOiJsb2FkX3VzZXJfMDIwNCJ9.ufu3KXE1Keovzu28FYXgqHMl3sY-v09cmqhaiCiVvHI
load_user_0205,Load@123456,eyJhbGciOiJIUzI1NiIsInR5cCI6IkpXVCJ9.eyJzdWIiOiIyMDciLCJpYXQiOjE3NzkxNzcyNDUsImV4cCI6MTc3OTI2MzY0NSwidXNlcm5hbWUiOiJsb2FkX3VzZXJfMDIwNSJ9.RRJp8X_aK9Ds3zXILeJvqBdwowxXrZN_aokixUSzcbU
load_user_0206,Load@123456,eyJhbGciOiJIUzI1NiIsInR5cCI6IkpXVCJ9.eyJzdWIiOiIyMDgiLCJpYXQiOjE3NzkxNzcyNDYsImV4cCI6MTc3OTI2MzY0NiwidXNlcm5hbWUiOiJsb2FkX3VzZXJfMDIwNiJ9.w8_qTfp_ZzpGQs564QLP8y1Nran2uCMvgh_fnZQq11s
load_user_0207,Load@123456,eyJhbGciOiJIUzI1NiIsInR5cCI6IkpXVCJ9.eyJzdWIiOiIyMDkiLCJpYXQiOjE3NzkxNzcyNDYsImV4cCI6MTc3OTI2MzY0NiwidXNlcm5hbWUiOiJsb2FkX3VzZXJfMDIwNyJ9.5CSWEUPWsZ__jmVpvik7e_1QPD77rUPW1W2VEneSaBM
load_user_0208,Load@123456,eyJhbGciOiJIUzI1NiIsInR5cCI6IkpXVCJ9.eyJzdWIiOiIyMTAiLCJpYXQiOjE3NzkxNzcyNDYsImV4cCI6MTc3OTI2MzY0NiwidXNlcm5hbWUiOiJsb2FkX3VzZXJfMDIwOCJ9.Iny7nwtBT_W-cpQMAKwMOEhpMsVpEDzv-JO24iq8ZIA
load_user_0209,Load@123456,eyJhbGciOiJIUzI1NiIsInR5cCI6IkpXVCJ9.eyJzdWIiOiIyMTEiLCJpYXQiOjE3NzkxNzcyNDYsImV4cCI6MTc3OTI2MzY0NiwidXNlcm5hbWUiOiJsb2FkX3VzZXJfMDIwOSJ9.EL5zAiOBB2ep2kMqaFPXdyX3p5Uawm7BK8CnzNR5gzo
load_user_0210,Load@123456,eyJhbGciOiJIUzI1NiIsInR5cCI6IkpXVCJ9.eyJzdWIiOiIyMTIiLCJpYXQiOjE3NzkxNzcyNDYsImV4cCI6MTc3OTI2MzY0NiwidXNlcm5hbWUiOiJsb2FkX3VzZXJfMDIxMCJ9.df4RrdeelA1L-0PoOrza0HjenU7oL8Js1oPwVkTk1zM
load_user_0211,Load@123456,eyJhbGciOiJIUzI1NiIsInR5cCI6IkpXVCJ9.eyJzdWIiOiIyMTMiLCJpYXQiOjE3NzkxNzcyNDcsImV4cCI6MTc3OTI2MzY0NywidXNlcm5hbWUiOiJsb2FkX3VzZXJfMDIxMSJ9.dF7wet0ywmVhERj4x6pD4a3r8YXSLL48apbwDxxRclg
load_user_0212,Load@123456,eyJhbGciOiJIUzI1NiIsInR5cCI6IkpXVCJ9.eyJzdWIiOiIyMTQiLCJpYXQiOjE3NzkxNzcyNDcsImV4cCI6MTc3OTI2MzY0NywidXNlcm5hbWUiOiJsb2FkX3VzZXJfMDIxMiJ9.Q5gVRPgduHbUVrojXHbXB0F_80k_dz7DOtwQ-0j1QRs
load_user_0213,Load@123456,eyJhbGciOiJIUzI1NiIsInR5cCI6IkpXVCJ9.eyJzdWIiOiIyMTUiLCJpYXQiOjE3NzkxNzcyNDcsImV4cCI6MTc3OTI2MzY0NywidXNlcm5hbWUiOiJsb2FkX3VzZXJfMDIxMyJ9.dUJuSHlR3in71WV4smPfYh4sv2dZpmX2kNGF7SrVgHQ
load_user_0214,Load@123456,eyJhbGciOiJIUzI1NiIsInR5cCI6IkpXVCJ9.eyJzdWIiOiIyMTYiLCJpYXQiOjE3NzkxNzcyNDcsImV4cCI6MTc3OTI2MzY0NywidXNlcm5hbWUiOiJsb2FkX3VzZXJfMDIxNCJ9.3KLBG2yPVWlzzW-8iOm39ypjJj1_JN07WnkjARJSdEQ
load_user_0215,Load@123456,eyJhbGciOiJIUzI1NiIsInR5cCI6IkpXVCJ9.eyJzdWIiOiIyMTciLCJpYXQiOjE3NzkxNzcyNDcsImV4cCI6MTc3OTI2MzY0NywidXNlcm5hbWUiOiJsb2FkX3VzZXJfMDIxNSJ9.XTO_ki9s1YD9FKSoKE9-JHhLINTcS_phM6-pbamdrDM
load_user_0216,Load@123456,eyJhbGciOiJIUzI1NiIsInR5cCI6IkpXVCJ9.eyJzdWIiOiIyMTgiLCJpYXQiOjE3NzkxNzcyNDcsImV4cCI6MTc3OTI2MzY0NywidXNlcm5hbWUiOiJsb2FkX3VzZXJfMDIxNiJ9.KUaNnkx73gxNERaoyBs_0ybJi7orj6OryHp3lWKbGUM
load_user_0217,Load@123456,eyJhbGciOiJIUzI1NiIsInR5cCI6IkpXVCJ9.eyJzdWIiOiIyMTkiLCJpYXQiOjE3NzkxNzcyNDgsImV4cCI6MTc3OTI2MzY0OCwidXNlcm5hbWUiOiJsb2FkX3VzZXJfMDIxNyJ9.nEF0eQO1nzKUp5ltr11-S3sxDyPoFnoyW1SY0ggtkaQ
load_user_0218,Load@123456,eyJhbGciOiJIUzI1NiIsInR5cCI6IkpXVCJ9.eyJzdWIiOiIyMjAiLCJpYXQiOjE3NzkxNzcyNDgsImV4cCI6MTc3OTI2MzY0OCwidXNlcm5hbWUiOiJsb2FkX3VzZXJfMDIxOCJ9.onNocb6jITudoqsz9gtf0tWZ6Bpiky_2cZ5Qwe5zOSs
load_user_0219,Load@123456,eyJhbGciOiJIUzI1NiIsInR5cCI6IkpXVCJ9.eyJzdWIiOiIyMjEiLCJpYXQiOjE3NzkxNzcyNDgsImV4cCI6MTc3OTI2MzY0OCwidXNlcm5hbWUiOiJsb2FkX3VzZXJfMDIxOSJ9._2qWHOMqrNtNVUjwR9bVaJXOVNxxU8868eCZUUKqRHU
load_user_0220,Load@123456,eyJhbGciOiJIUzI1NiIsInR5cCI6IkpXVCJ9.eyJzdWIiOiIyMjIiLCJpYXQiOjE3NzkxNzcyNDgsImV4cCI6MTc3OTI2MzY0OCwidXNlcm5hbWUiOiJsb2FkX3VzZXJfMDIyMCJ9.AesYMYULvRNiegeQSRri8sQPfTA88Tv9Izqg1apy6uc
load_user_0221,Load@123456,eyJhbGciOiJIUzI1NiIsInR5cCI6IkpXVCJ9.eyJzdWIiOiIyMjMiLCJpYXQiOjE3NzkxNzcyNDgsImV4cCI6MTc3OTI2MzY0OCwidXNlcm5hbWUiOiJsb2FkX3VzZXJfMDIyMSJ9.0iR6uL2iMSbol0XEs6aGC053f83nsr34tGYqJHiUcUI
load_user_0222,Load@123456,eyJhbGciOiJIUzI1NiIsInR5cCI6IkpXVCJ9.eyJzdWIiOiIyMjQiLCJpYXQiOjE3NzkxNzcyNDksImV4cCI6MTc3OTI2MzY0OSwidXNlcm5hbWUiOiJsb2FkX3VzZXJfMDIyMiJ9.gyJdka5tUHiZXWHlTzsJ1whTu8F7ij3No5h8d1VOS08
load_user_0223,Load@123456,eyJhbGciOiJIUzI1NiIsInR5cCI6IkpXVCJ9.eyJzdWIiOiIyMjUiLCJpYXQiOjE3NzkxNzcyNDksImV4cCI6MTc3OTI2MzY0OSwidXNlcm5hbWUiOiJsb2FkX3VzZXJfMDIyMyJ9.8Z6Q_zElNk77GitP3wypDxVB-gGQlXPoXe_zpMfULCA
load_user_0224,Load@123456,eyJhbGciOiJIUzI1NiIsInR5cCI6IkpXVCJ9.eyJzdWIiOiIyMjYiLCJpYXQiOjE3NzkxNzcyNDksImV4cCI6MTc3OTI2MzY0OSwidXNlcm5hbWUiOiJsb2FkX3VzZXJfMDIyNCJ9.Un2Q1KDZMpJsP_pfdr35pi3puHbtARKZ83PIAFDCXBg
load_user_0225,Load@123456,eyJhbGciOiJIUzI1NiIsInR5cCI6IkpXVCJ9.eyJzdWIiOiIyMjciLCJpYXQiOjE3NzkxNzcyNDksImV4cCI6MTc3OTI2MzY0OSwidXNlcm5hbWUiOiJsb2FkX3VzZXJfMDIyNSJ9.nXKczI0_EFbkrHwaTpsX40rt7-L9nLC4HAQt0AkfHdE
load_user_0226,Load@123456,eyJhbGciOiJIUzI1NiIsInR5cCI6IkpXVCJ9.eyJzdWIiOiIyMjgiLCJpYXQiOjE3NzkxNzcyNDksImV4cCI6MTc3OTI2MzY0OSwidXNlcm5hbWUiOiJsb2FkX3VzZXJfMDIyNiJ9.mlYblXgthGHKdbgKsTi26PmRM-Bt9xFiqisKTpGcvFM
load_user_0227,Load@123456,eyJhbGciOiJIUzI1NiIsInR5cCI6IkpXVCJ9.eyJzdWIiOiIyMjkiLCJpYXQiOjE3NzkxNzcyNDksImV4cCI6MTc3OTI2MzY0OSwidXNlcm5hbWUiOiJsb2FkX3VzZXJfMDIyNyJ9.JKKnNnWJvxxt_kTh3ppWnnyVz7PKUnvyPrIKaO8XLY0
load_user_0228,Load@123456,eyJhbGciOiJIUzI1NiIsInR5cCI6IkpXVCJ9.eyJzdWIiOiIyMzAiLCJpYXQiOjE3NzkxNzcyNTAsImV4cCI6MTc3OTI2MzY1MCwidXNlcm5hbWUiOiJsb2FkX3VzZXJfMDIyOCJ9.ruwlhOfRUy5GQS_4l28zDKLDtATcMqYJZrZr9hROzw0
load_user_0229,Load@123456,eyJhbGciOiJIUzI1NiIsInR5cCI6IkpXVCJ9.eyJzdWIiOiIyMzEiLCJpYXQiOjE3NzkxNzcyNTAsImV4cCI6MTc3OTI2MzY1MCwidXNlcm5hbWUiOiJsb2FkX3VzZXJfMDIyOSJ9.HKmEwUHZVbN_W1oXR2AHaZgweURgXlGIKJtghMD0ut4
load_user_0230,Load@123456,eyJhbGciOiJIUzI1NiIsInR5cCI6IkpXVCJ9.eyJzdWIiOiIyMzIiLCJpYXQiOjE3NzkxNzcyNTAsImV4cCI6MTc3OTI2MzY1MCwidXNlcm5hbWUiOiJsb2FkX3VzZXJfMDIzMCJ9.TzBRhbj-JIr4pqEpcsRxcRidqnjwxxsIEmzxEqX6r_I
load_user_0231,Load@123456,eyJhbGciOiJIUzI1NiIsInR5cCI6IkpXVCJ9.eyJzdWIiOiIyMzMiLCJpYXQiOjE3NzkxNzcyNTAsImV4cCI6MTc3OTI2MzY1MCwidXNlcm5hbWUiOiJsb2FkX3VzZXJfMDIzMSJ9.qhMb0fj9Heo2ybXlYOzOTEZ9yzrdu2W2t6FxvhyHv4c
load_user_0232,Load@123456,eyJhbGciOiJIUzI1NiIsInR5cCI6IkpXVCJ9.eyJzdWIiOiIyMzQiLCJpYXQiOjE3NzkxNzcyNTAsImV4cCI6MTc3OTI2MzY1MCwidXNlcm5hbWUiOiJsb2FkX3VzZXJfMDIzMiJ9.KWjY2VPAVQ5AVAVa-xhTCE32ptVAy7h7xamdJ9s5uCg
load_user_0233,Load@123456,eyJhbGciOiJIUzI1NiIsInR5cCI6IkpXVCJ9.eyJzdWIiOiIyMzUiLCJpYXQiOjE3NzkxNzcyNTAsImV4cCI6MTc3OTI2MzY1MCwidXNlcm5hbWUiOiJsb2FkX3VzZXJfMDIzMyJ9.BWzBtx1_8H5CsK5CgMu_Q4wU467uE8Rlv3FcnIRjNGc
load_user_0234,Load@123456,eyJhbGciOiJIUzI1NiIsInR5cCI6IkpXVCJ9.eyJzdWIiOiIyMzYiLCJpYXQiOjE3NzkxNzcyNTEsImV4cCI6MTc3OTI2MzY1MSwidXNlcm5hbWUiOiJsb2FkX3VzZXJfMDIzNCJ9.0b0tvMaO_paB3eMFIALpV8i5uKK7dKhnuhZVODHR98A
load_user_0235,Load@123456,eyJhbGciOiJIUzI1NiIsInR5cCI6IkpXVCJ9.eyJzdWIiOiIyMzciLCJpYXQiOjE3NzkxNzcyNTEsImV4cCI6MTc3OTI2MzY1MSwidXNlcm5hbWUiOiJsb2FkX3VzZXJfMDIzNSJ9.uooPo6Ya9x61pHpeiXmMWRQldy4cNBU00TOzx4kw7L8
load_user_0236,Load@123456,eyJhbGciOiJIUzI1NiIsInR5cCI6IkpXVCJ9.eyJzdWIiOiIyMzgiLCJpYXQiOjE3NzkxNzcyNTEsImV4cCI6MTc3OTI2MzY1MSwidXNlcm5hbWUiOiJsb2FkX3VzZXJfMDIzNiJ9.ttkjrHP5V_2gXPchw_lO1tAJa7mnb8sqRTbr-f10qwg
load_user_0237,Load@123456,eyJhbGciOiJIUzI1NiIsInR5cCI6IkpXVCJ9.eyJzdWIiOiIyMzkiLCJpYXQiOjE3NzkxNzcyNTEsImV4cCI6MTc3OTI2MzY1MSwidXNlcm5hbWUiOiJsb2FkX3VzZXJfMDIzNyJ9.6FDwGOyi-IQ1imPWDvO6IxpNUxKJdvE-Qg5B-MapV0g
load_user_0238,Load@123456,eyJhbGciOiJIUzI1NiIsInR5cCI6IkpXVCJ9.eyJzdWIiOiIyNDAiLCJpYXQiOjE3NzkxNzcyNTEsImV4cCI6MTc3OTI2MzY1MSwidXNlcm5hbWUiOiJsb2FkX3VzZXJfMDIzOCJ9.EiN2A4_s_52Jgngrir0K9Xxb2gwY4TZF9t1i1yTFp3c
load_user_0239,Load@123456,eyJhbGciOiJIUzI1NiIsInR5cCI6IkpXVCJ9.eyJzdWIiOiIyNDEiLCJpYXQiOjE3NzkxNzcyNTEsImV4cCI6MTc3OTI2MzY1MSwidXNlcm5hbWUiOiJsb2FkX3VzZXJfMDIzOSJ9.DzgF0LE2ai8lK4H5gWH_34k4jTftLiFYatL7D3KFcUE
load_user_0240,Load@123456,eyJhbGciOiJIUzI1NiIsInR5cCI6IkpXVCJ9.eyJzdWIiOiIyNDIiLCJpYXQiOjE3NzkxNzcyNTIsImV4cCI6MTc3OTI2MzY1MiwidXNlcm5hbWUiOiJsb2FkX3VzZXJfMDI0MCJ9.BcAnOaGG-fake4q9vK8QotWba7DH88os9mD4DMqtIzY
load_user_0241,Load@123456,eyJhbGciOiJIUzI1NiIsInR5cCI6IkpXVCJ9.eyJzdWIiOiIyNDMiLCJpYXQiOjE3NzkxNzcyNTIsImV4cCI6MTc3OTI2MzY1MiwidXNlcm5hbWUiOiJsb2FkX3VzZXJfMDI0MSJ9.e2PBtzy8vk0VsjWTr1ty6gUOU4tmVYterbwlN20DpJc
load_user_0242,Load@123456,eyJhbGciOiJIUzI1NiIsInR5cCI6IkpXVCJ9.eyJzdWIiOiIyNDQiLCJpYXQiOjE3NzkxNzcyNTIsImV4cCI6MTc3OTI2MzY1MiwidXNlcm5hbWUiOiJsb2FkX3VzZXJfMDI0MiJ9.k3jibqeOzP4GZQqxqKknIb58Q4lOHbMoQokpuMrRyYs
load_user_0243,Load@123456,eyJhbGciOiJIUzI1NiIsInR5cCI6IkpXVCJ9.eyJzdWIiOiIyNDUiLCJpYXQiOjE3NzkxNzcyNTIsImV4cCI6MTc3OTI2MzY1MiwidXNlcm5hbWUiOiJsb2FkX3VzZXJfMDI0MyJ9.7UEUEVaOm41BqpfiBt1n5zOcwaSd-JiK0IRWxaVS220
load_user_0244,Load@123456,eyJhbGciOiJIUzI1NiIsInR5cCI6IkpXVCJ9.eyJzdWIiOiIyNDYiLCJpYXQiOjE3NzkxNzcyNTIsImV4cCI6MTc3OTI2MzY1MiwidXNlcm5hbWUiOiJsb2FkX3VzZXJfMDI0NCJ9.tcgvCywGMZPmrG7k3jJDuc-60BgqohG-qxxoSZMO1PY
load_user_0245,Load@123456,eyJhbGciOiJIUzI1NiIsInR5cCI6IkpXVCJ9.eyJzdWIiOiIyNDciLCJpYXQiOjE3NzkxNzcyNTIsImV4cCI6MTc3OTI2MzY1MiwidXNlcm5hbWUiOiJsb2FkX3VzZXJfMDI0NSJ9.nHL4wTTeQwxrKTo-Iw6ReyI7Cp20J_92UiF85ZIRIX4
load_user_0246,Load@123456,eyJhbGciOiJIUzI1NiIsInR5cCI6IkpXVCJ9.eyJzdWIiOiIyNDgiLCJpYXQiOjE3NzkxNzcyNTMsImV4cCI6MTc3OTI2MzY1MywidXNlcm5hbWUiOiJsb2FkX3VzZXJfMDI0NiJ9.bUxnL8l_Ch4o6r_eFYrIP5bLdnu4EhTLmtUEzkpawD8
load_user_0247,Load@123456,eyJhbGciOiJIUzI1NiIsInR5cCI6IkpXVCJ9.eyJzdWIiOiIyNDkiLCJpYXQiOjE3NzkxNzcyNTMsImV4cCI6MTc3OTI2MzY1MywidXNlcm5hbWUiOiJsb2FkX3VzZXJfMDI0NyJ9.EB4ofNefWIA0udTi4NgLOU4C6Bws_ZgNTj5MsJEfzBk
load_user_0248,Load@123456,eyJhbGciOiJIUzI1NiIsInR5cCI6IkpXVCJ9.eyJzdWIiOiIyNTAiLCJpYXQiOjE3NzkxNzcyNTMsImV4cCI6MTc3OTI2MzY1MywidXNlcm5hbWUiOiJsb2FkX3VzZXJfMDI0OCJ9.LBGZ267L59lzq6tyDM5dqUDBiGk1SYk0i-OMAWzp_oA
load_user_0249,Load@123456,eyJhbGciOiJIUzI1NiIsInR5cCI6IkpXVCJ9.eyJzdWIiOiIyNTEiLCJpYXQiOjE3NzkxNzcyNTMsImV4cCI6MTc3OTI2MzY1MywidXNlcm5hbWUiOiJsb2FkX3VzZXJfMDI0OSJ9.fZk2osfz8BHmJy5gtTqtDC5b-aiutXH7RXjT_68ghvs
load_user_0250,Load@123456,eyJhbGciOiJIUzI1NiIsInR5cCI6IkpXVCJ9.eyJzdWIiOiIyNTIiLCJpYXQiOjE3NzkxNzcyNTMsImV4cCI6MTc3OTI2MzY1MywidXNlcm5hbWUiOiJsb2FkX3VzZXJfMDI1MCJ9.w_5soVnMqlesBaGFcrgMGRqzebAbf_jQmDWYJJ1bwIA
load_user_0251,Load@123456,eyJhbGciOiJIUzI1NiIsInR5cCI6IkpXVCJ9.eyJzdWIiOiIyNTMiLCJpYXQiOjE3NzkxNzcyNTMsImV4cCI6MTc3OTI2MzY1MywidXNlcm5hbWUiOiJsb2FkX3VzZXJfMDI1MSJ9.wmXXshXerLROC00uaTHYcp6MUsWWiMnDUUTTc7M9ahA
load_user_0252,Load@123456,eyJhbGciOiJIUzI1NiIsInR5cCI6IkpXVCJ9.eyJzdWIiOiIyNTQiLCJpYXQiOjE3NzkxNzcyNTQsImV4cCI6MTc3OTI2MzY1NCwidXNlcm5hbWUiOiJsb2FkX3VzZXJfMDI1MiJ9.2ITCEyi_hyhjcidmEyUh2rJwKxAcLPQQar2SltehtKQ
load_user_0253,Load@123456,eyJhbGciOiJIUzI1NiIsInR5cCI6IkpXVCJ9.eyJzdWIiOiIyNTUiLCJpYXQiOjE3NzkxNzcyNTQsImV4cCI6MTc3OTI2MzY1NCwidXNlcm5hbWUiOiJsb2FkX3VzZXJfMDI1MyJ9.HSE0sfZM4q2RPbTtL-CmnOWIxWrKk3T9YDbiIDKkKMk
load_user_0254,Load@123456,eyJhbGciOiJIUzI1NiIsInR5cCI6IkpXVCJ9.eyJzdWIiOiIyNTYiLCJpYXQiOjE3NzkxNzcyNTQsImV4cCI6MTc3OTI2MzY1NCwidXNlcm5hbWUiOiJsb2FkX3VzZXJfMDI1NCJ9.p5_PNrWV7MwfXVGLT_YmhNqiY76u9r2SJ7A3wXaz0KU
load_user_0255,Load@123456,eyJhbGciOiJIUzI1NiIsInR5cCI6IkpXVCJ9.eyJzdWIiOiIyNTciLCJpYXQiOjE3NzkxNzcyNTQsImV4cCI6MTc3OTI2MzY1NCwidXNlcm5hbWUiOiJsb2FkX3VzZXJfMDI1NSJ9.Ryvtj23Hf4mVADr8BhhJI6DWQtqhKCxVF89ouB0hwR0
load_user_0256,Load@123456,eyJhbGciOiJIUzI1NiIsInR5cCI6IkpXVCJ9.eyJzdWIiOiIyNTgiLCJpYXQiOjE3NzkxNzcyNTQsImV4cCI6MTc3OTI2MzY1NCwidXNlcm5hbWUiOiJsb2FkX3VzZXJfMDI1NiJ9.qVGw39hS29cV0LWEb0OoQalpDlM8f9LDc7Z_BCxCp70
load_user_0257,Load@123456,eyJhbGciOiJIUzI1NiIsInR5cCI6IkpXVCJ9.eyJzdWIiOiIyNTkiLCJpYXQiOjE3NzkxNzcyNTQsImV4cCI6MTc3OTI2MzY1NCwidXNlcm5hbWUiOiJsb2FkX3VzZXJfMDI1NyJ9.iUvA9uEMBlumIYIuYUKRpCuvm2823ZSikr2y9TklRFM
load_user_0258,Load@123456,eyJhbGciOiJIUzI1NiIsInR5cCI6IkpXVCJ9.eyJzdWIiOiIyNjAiLCJpYXQiOjE3NzkxNzcyNTUsImV4cCI6MTc3OTI2MzY1NSwidXNlcm5hbWUiOiJsb2FkX3VzZXJfMDI1OCJ9.0Eglj7nTcsC98Pomy3O0PPw1dXoMfc0sFjxfkFC7uCk
load_user_0259,Load@123456,eyJhbGciOiJIUzI1NiIsInR5cCI6IkpXVCJ9.eyJzdWIiOiIyNjEiLCJpYXQiOjE3NzkxNzcyNTUsImV4cCI6MTc3OTI2MzY1NSwidXNlcm5hbWUiOiJsb2FkX3VzZXJfMDI1OSJ9.kP0cz5VERtMRweY21jN9T1c2KnlzbgA3QELk5xWdV64
load_user_0260,Load@123456,eyJhbGciOiJIUzI1NiIsInR5cCI6IkpXVCJ9.eyJzdWIiOiIyNjIiLCJpYXQiOjE3NzkxNzcyNTUsImV4cCI6MTc3OTI2MzY1NSwidXNlcm5hbWUiOiJsb2FkX3VzZXJfMDI2MCJ9.WwnjtH5DpOnvCt1UlOIo1poTPGWdJPJKgfj3HBH22NU
load_user_0261,Load@123456,eyJhbGciOiJIUzI1NiIsInR5cCI6IkpXVCJ9.eyJzdWIiOiIyNjMiLCJpYXQiOjE3NzkxNzcyNTUsImV4cCI6MTc3OTI2MzY1NSwidXNlcm5hbWUiOiJsb2FkX3VzZXJfMDI2MSJ9.sVC5va7o8SgiREaBhyVtBaJL0zhOhEJrkbx37kHzB7I
load_user_0262,Load@123456,eyJhbGciOiJIUzI1NiIsInR5cCI6IkpXVCJ9.eyJzdWIiOiIyNjQiLCJpYXQiOjE3NzkxNzcyNTUsImV4cCI6MTc3OTI2MzY1NSwidXNlcm5hbWUiOiJsb2FkX3VzZXJfMDI2MiJ9.jVbGuFETW_EH-jBJ-ELox2dh653n3j30U4Ziyrlyg2g
load_user_0263,Load@123456,eyJhbGciOiJIUzI1NiIsInR5cCI6IkpXVCJ9.eyJzdWIiOiIyNjUiLCJpYXQiOjE3NzkxNzcyNTUsImV4cCI6MTc3OTI2MzY1NSwidXNlcm5hbWUiOiJsb2FkX3VzZXJfMDI2MyJ9.DfQRf4l_jHC3CYvMCwU4av3gMpvDw7Q51F_e6m1S3FE
load_user_0264,Load@123456,eyJhbGciOiJIUzI1NiIsInR5cCI6IkpXVCJ9.eyJzdWIiOiIyNjYiLCJpYXQiOjE3NzkxNzcyNTYsImV4cCI6MTc3OTI2MzY1NiwidXNlcm5hbWUiOiJsb2FkX3VzZXJfMDI2NCJ9.0-qOs_8lt512yQTsW9YQLsO4vX6c5mRbqLE6BosM5sE
load_user_0265,Load@123456,eyJhbGciOiJIUzI1NiIsInR5cCI6IkpXVCJ9.eyJzdWIiOiIyNjciLCJpYXQiOjE3NzkxNzcyNTYsImV4cCI6MTc3OTI2MzY1NiwidXNlcm5hbWUiOiJsb2FkX3VzZXJfMDI2NSJ9.EvedI9WYreNgstuR-fcjwZtEmxUBhdME2NCcEOOUomY
load_user_0266,Load@123456,eyJhbGciOiJIUzI1NiIsInR5cCI6IkpXVCJ9.eyJzdWIiOiIyNjgiLCJpYXQiOjE3NzkxNzcyNTYsImV4cCI6MTc3OTI2MzY1NiwidXNlcm5hbWUiOiJsb2FkX3VzZXJfMDI2NiJ9.ikG0kdZklZD4RPvejYyPwlV3XIP2-nSV9tYZ0lwAtbc
load_user_0267,Load@123456,eyJhbGciOiJIUzI1NiIsInR5cCI6IkpXVCJ9.eyJzdWIiOiIyNjkiLCJpYXQiOjE3NzkxNzcyNTYsImV4cCI6MTc3OTI2MzY1NiwidXNlcm5hbWUiOiJsb2FkX3VzZXJfMDI2NyJ9.A9Nd-ETq6R-frzXQCoQ279kL-nYMxnudyqEQnUchLV8
load_user_0268,Load@123456,eyJhbGciOiJIUzI1NiIsInR5cCI6IkpXVCJ9.eyJzdWIiOiIyNzAiLCJpYXQiOjE3NzkxNzcyNTYsImV4cCI6MTc3OTI2MzY1NiwidXNlcm5hbWUiOiJsb2FkX3VzZXJfMDI2OCJ9.gLVWzhr6G2yPbza-hEgr2Dca3_8kii7M8Gi9GvBieYA
load_user_0269,Load@123456,eyJhbGciOiJIUzI1NiIsInR5cCI6IkpXVCJ9.eyJzdWIiOiIyNzEiLCJpYXQiOjE3NzkxNzcyNTYsImV4cCI6MTc3OTI2MzY1NiwidXNlcm5hbWUiOiJsb2FkX3VzZXJfMDI2OSJ9.d59k0umOx3-YqdouEZop7clqM98z0Me3TdOa_XNp8yM
load_user_0270,Load@123456,eyJhbGciOiJIUzI1NiIsInR5cCI6IkpXVCJ9.eyJzdWIiOiIyNzIiLCJpYXQiOjE3NzkxNzcyNTcsImV4cCI6MTc3OTI2MzY1NywidXNlcm5hbWUiOiJsb2FkX3VzZXJfMDI3MCJ9.NjTLJSj4Aa2XDfCIrrEQ_M_yHVklUvLCYNy5PUfhj2o
load_user_0271,Load@123456,eyJhbGciOiJIUzI1NiIsInR5cCI6IkpXVCJ9.eyJzdWIiOiIyNzMiLCJpYXQiOjE3NzkxNzcyNTcsImV4cCI6MTc3OTI2MzY1NywidXNlcm5hbWUiOiJsb2FkX3VzZXJfMDI3MSJ9.6H-9OF-zTrVUenROqvSIyO5MHalUJb1NZFHYFKFh7Qo
load_user_0272,Load@123456,eyJhbGciOiJIUzI1NiIsInR5cCI6IkpXVCJ9.eyJzdWIiOiIyNzQiLCJpYXQiOjE3NzkxNzcyNTcsImV4cCI6MTc3OTI2MzY1NywidXNlcm5hbWUiOiJsb2FkX3VzZXJfMDI3MiJ9.MgeOQ0ARVvx2sDs3p2c-JMS6rSa3eLsKpjmvwBii3Tw
load_user_0273,Load@123456,eyJhbGciOiJIUzI1NiIsInR5cCI6IkpXVCJ9.eyJzdWIiOiIyNzUiLCJpYXQiOjE3NzkxNzcyNTcsImV4cCI6MTc3OTI2MzY1NywidXNlcm5hbWUiOiJsb2FkX3VzZXJfMDI3MyJ9.5SrXV3UX4VUKwJd2ZkcIdgTBffuTju-2zG1jIxa03Hg
load_user_0274,Load@123456,eyJhbGciOiJIUzI1NiIsInR5cCI6IkpXVCJ9.eyJzdWIiOiIyNzYiLCJpYXQiOjE3NzkxNzcyNTcsImV4cCI6MTc3OTI2MzY1NywidXNlcm5hbWUiOiJsb2FkX3VzZXJfMDI3NCJ9.qlLu2ANzyR62KvAVy8mdaZhttf2HPGNUGjqdMVPpMp0
load_user_0275,Load@123456,eyJhbGciOiJIUzI1NiIsInR5cCI6IkpXVCJ9.eyJzdWIiOiIyNzciLCJpYXQiOjE3NzkxNzcyNTgsImV4cCI6MTc3OTI2MzY1OCwidXNlcm5hbWUiOiJsb2FkX3VzZXJfMDI3NSJ9.bk49vCS-nS0SGtLUgHxM2u4KB0VpXhZ_1IDFLiRJfjo
load_user_0276,Load@123456,eyJhbGciOiJIUzI1NiIsInR5cCI6IkpXVCJ9.eyJzdWIiOiIyNzgiLCJpYXQiOjE3NzkxNzcyNTgsImV4cCI6MTc3OTI2MzY1OCwidXNlcm5hbWUiOiJsb2FkX3VzZXJfMDI3NiJ9.fx3P0PGiXU1gpgPUBk-F7fgM2u4wZDASPH50LoI9haw
load_user_0277,Load@123456,eyJhbGciOiJIUzI1NiIsInR5cCI6IkpXVCJ9.eyJzdWIiOiIyNzkiLCJpYXQiOjE3NzkxNzcyNTgsImV4cCI6MTc3OTI2MzY1OCwidXNlcm5hbWUiOiJsb2FkX3VzZXJfMDI3NyJ9.KoT6lzKdseGrXF3Hgivk-BI5d-D4pZBd5yI5fjlesnQ
load_user_0278,Load@123456,eyJhbGciOiJIUzI1NiIsInR5cCI6IkpXVCJ9.eyJzdWIiOiIyODAiLCJpYXQiOjE3NzkxNzcyNTgsImV4cCI6MTc3OTI2MzY1OCwidXNlcm5hbWUiOiJsb2FkX3VzZXJfMDI3OCJ9.N2560WvQyKaYPgTdHMd7O1esquBjXrmhAHNBocpAyl4
load_user_0279,Load@123456,eyJhbGciOiJIUzI1NiIsInR5cCI6IkpXVCJ9.eyJzdWIiOiIyODEiLCJpYXQiOjE3NzkxNzcyNTgsImV4cCI6MTc3OTI2MzY1OCwidXNlcm5hbWUiOiJsb2FkX3VzZXJfMDI3OSJ9.5ecC3bAYb-Poa-1SFl3MkX2j39XH8_M_QMb9wL5qLdE
load_user_0280,Load@123456,eyJhbGciOiJIUzI1NiIsInR5cCI6IkpXVCJ9.eyJzdWIiOiIyODIiLCJpYXQiOjE3NzkxNzcyNTgsImV4cCI6MTc3OTI2MzY1OCwidXNlcm5hbWUiOiJsb2FkX3VzZXJfMDI4MCJ9.D5ln2uGxn8wC3v7Tz_9YM0UKTDyIUmH7yAyAbdp35FE
load_user_0281,Load@123456,eyJhbGciOiJIUzI1NiIsInR5cCI6IkpXVCJ9.eyJzdWIiOiIyODMiLCJpYXQiOjE3NzkxNzcyNTksImV4cCI6MTc3OTI2MzY1OSwidXNlcm5hbWUiOiJsb2FkX3VzZXJfMDI4MSJ9.7YGRmP2BxJqvHf6Ls2WuODNaNuQhfxp1B-XlXheK_oQ
load_user_0282,Load@123456,eyJhbGciOiJIUzI1NiIsInR5cCI6IkpXVCJ9.eyJzdWIiOiIyODQiLCJpYXQiOjE3NzkxNzcyNTksImV4cCI6MTc3OTI2MzY1OSwidXNlcm5hbWUiOiJsb2FkX3VzZXJfMDI4MiJ9.Aac418080uf5EcHQOdkindJWxCUKX3SnexhpX6Vq9Xg
load_user_0283,Load@123456,eyJhbGciOiJIUzI1NiIsInR5cCI6IkpXVCJ9.eyJzdWIiOiIyODUiLCJpYXQiOjE3NzkxNzcyNTksImV4cCI6MTc3OTI2MzY1OSwidXNlcm5hbWUiOiJsb2FkX3VzZXJfMDI4MyJ9.Bc2ABKhWCvw8ApChbHIGbv539I-NlvN0-KlE56tq1uQ
load_user_0284,Load@123456,eyJhbGciOiJIUzI1NiIsInR5cCI6IkpXVCJ9.eyJzdWIiOiIyODYiLCJpYXQiOjE3NzkxNzcyNTksImV4cCI6MTc3OTI2MzY1OSwidXNlcm5hbWUiOiJsb2FkX3VzZXJfMDI4NCJ9.fxYO7XiunQQIx-Pd5FCi5WqkPzIAnbRIpsbtOVgCxDU
load_user_0285,Load@123456,eyJhbGciOiJIUzI1NiIsInR5cCI6IkpXVCJ9.eyJzdWIiOiIyODciLCJpYXQiOjE3NzkxNzcyNTksImV4cCI6MTc3OTI2MzY1OSwidXNlcm5hbWUiOiJsb2FkX3VzZXJfMDI4NSJ9.l8tRf8XpzYNYVBonJUrkw624RRDxaWw8ka0FCq85eyY
load_user_0286,Load@123456,eyJhbGciOiJIUzI1NiIsInR5cCI6IkpXVCJ9.eyJzdWIiOiIyODgiLCJpYXQiOjE3NzkxNzcyNTksImV4cCI6MTc3OTI2MzY1OSwidXNlcm5hbWUiOiJsb2FkX3VzZXJfMDI4NiJ9.JBPbKJADKMZQCCwX1GCv3X_cM_x6wQU7ukdjtlvQP3w
load_user_0287,Load@123456,eyJhbGciOiJIUzI1NiIsInR5cCI6IkpXVCJ9.eyJzdWIiOiIyODkiLCJpYXQiOjE3NzkxNzcyNjAsImV4cCI6MTc3OTI2MzY2MCwidXNlcm5hbWUiOiJsb2FkX3VzZXJfMDI4NyJ9.bBqB55_o36C6IYUq2dT84FmIbW7Om1jjnkY29Oo7zWw
load_user_0288,Load@123456,eyJhbGciOiJIUzI1NiIsInR5cCI6IkpXVCJ9.eyJzdWIiOiIyOTAiLCJpYXQiOjE3NzkxNzcyNjAsImV4cCI6MTc3OTI2MzY2MCwidXNlcm5hbWUiOiJsb2FkX3VzZXJfMDI4OCJ9.PLslYivIW6MAOyzLDIuqd8LyZO0RhmQYOhJ1GZbCTRI
load_user_0289,Load@123456,eyJhbGciOiJIUzI1NiIsInR5cCI6IkpXVCJ9.eyJzdWIiOiIyOTEiLCJpYXQiOjE3NzkxNzcyNjAsImV4cCI6MTc3OTI2MzY2MCwidXNlcm5hbWUiOiJsb2FkX3VzZXJfMDI4OSJ9.nHbLZWXYStn8NPYkDYQbzYLKbcAZ7l30ohwEMMYp6HA
load_user_0290,Load@123456,eyJhbGciOiJIUzI1NiIsInR5cCI6IkpXVCJ9.eyJzdWIiOiIyOTIiLCJpYXQiOjE3NzkxNzcyNjAsImV4cCI6MTc3OTI2MzY2MCwidXNlcm5hbWUiOiJsb2FkX3VzZXJfMDI5MCJ9._W2NlGBsWih7XMTt1Ob_hHyQ4UFVm1gRUBPaUmd30Ow
load_user_0291,Load@123456,eyJhbGciOiJIUzI1NiIsInR5cCI6IkpXVCJ9.eyJzdWIiOiIyOTMiLCJpYXQiOjE3NzkxNzcyNjAsImV4cCI6MTc3OTI2MzY2MCwidXNlcm5hbWUiOiJsb2FkX3VzZXJfMDI5MSJ9.ZU5zWmeNFW0RR5jAqOrLdIz1I1JbShqru-0cv_etIcE
load_user_0292,Load@123456,eyJhbGciOiJIUzI1NiIsInR5cCI6IkpXVCJ9.eyJzdWIiOiIyOTQiLCJpYXQiOjE3NzkxNzcyNjAsImV4cCI6MTc3OTI2MzY2MCwidXNlcm5hbWUiOiJsb2FkX3VzZXJfMDI5MiJ9.mzpfrajzvdCNPu4kj8QXoXJPJuMeJF140avLMEhmBNA
load_user_0293,Load@123456,eyJhbGciOiJIUzI1NiIsInR5cCI6IkpXVCJ9.eyJzdWIiOiIyOTUiLCJpYXQiOjE3NzkxNzcyNjEsImV4cCI6MTc3OTI2MzY2MSwidXNlcm5hbWUiOiJsb2FkX3VzZXJfMDI5MyJ9.cbQGM203YMAUWzZrOY04S9EhpLSUA3ZlnVMTOm6L6PI
load_user_0294,Load@123456,eyJhbGciOiJIUzI1NiIsInR5cCI6IkpXVCJ9.eyJzdWIiOiIyOTYiLCJpYXQiOjE3NzkxNzcyNjEsImV4cCI6MTc3OTI2MzY2MSwidXNlcm5hbWUiOiJsb2FkX3VzZXJfMDI5NCJ9.9Pr1XCLwp6ksqgcJoyhXMyGPB4M-M8QjkWjOn14FvjE
load_user_0295,Load@123456,eyJhbGciOiJIUzI1NiIsInR5cCI6IkpXVCJ9.eyJzdWIiOiIyOTciLCJpYXQiOjE3NzkxNzcyNjEsImV4cCI6MTc3OTI2MzY2MSwidXNlcm5hbWUiOiJsb2FkX3VzZXJfMDI5NSJ9.oqKIoZfG96NlktKL4ZZQ0zFZTTcdLibGxp9lQ9MPuaI
load_user_0296,Load@123456,eyJhbGciOiJIUzI1NiIsInR5cCI6IkpXVCJ9.eyJzdWIiOiIyOTgiLCJpYXQiOjE3NzkxNzcyNjEsImV4cCI6MTc3OTI2MzY2MSwidXNlcm5hbWUiOiJsb2FkX3VzZXJfMDI5NiJ9.WbLNMlSJn2zBeFFfKucZ1W5tHXU1vZIppiBQ3M5lkF0
load_user_0297,Load@123456,eyJhbGciOiJIUzI1NiIsInR5cCI6IkpXVCJ9.eyJzdWIiOiIyOTkiLCJpYXQiOjE3NzkxNzcyNjEsImV4cCI6MTc3OTI2MzY2MSwidXNlcm5hbWUiOiJsb2FkX3VzZXJfMDI5NyJ9.Tltkpxz3MskETE-QbMeFwsvA5UxJzvRz-7lBa511_I4
load_user_0298,Load@123456,eyJhbGciOiJIUzI1NiIsInR5cCI6IkpXVCJ9.eyJzdWIiOiIzMDAiLCJpYXQiOjE3NzkxNzcyNjIsImV4cCI6MTc3OTI2MzY2MiwidXNlcm5hbWUiOiJsb2FkX3VzZXJfMDI5OCJ9.6IryKJr7ppVJllhu-LkBPvsmEITMiqDxFnmX38xJrZ8
load_user_0299,Load@123456,eyJhbGciOiJIUzI1NiIsInR5cCI6IkpXVCJ9.eyJzdWIiOiIzMDEiLCJpYXQiOjE3NzkxNzcyNjIsImV4cCI6MTc3OTI2MzY2MiwidXNlcm5hbWUiOiJsb2FkX3VzZXJfMDI5OSJ9.Atkp7Qt_PX-1T-z_T2sUo6wnpkFcbCbtHRMjYLBrqKE
load_user_0300,Load@123456,eyJhbGciOiJIUzI1NiIsInR5cCI6IkpXVCJ9.eyJzdWIiOiIzMDIiLCJpYXQiOjE3NzkxNzcyNjIsImV4cCI6MTc3OTI2MzY2MiwidXNlcm5hbWUiOiJsb2FkX3VzZXJfMDMwMCJ9.k76fGIigkufpoFHH0_11s_O5_krE8O4-jCthr9QIQl8
load_user_0301,Load@123456,eyJhbGciOiJIUzI1NiIsInR5cCI6IkpXVCJ9.eyJzdWIiOiIzMDMiLCJpYXQiOjE3NzkxNzcyNjIsImV4cCI6MTc3OTI2MzY2MiwidXNlcm5hbWUiOiJsb2FkX3VzZXJfMDMwMSJ9.IJb7IRgDOQBTcrCfisNJs_DspD-CkQ6Gl_c386ZlEoY
load_user_0302,Load@123456,eyJhbGciOiJIUzI1NiIsInR5cCI6IkpXVCJ9.eyJzdWIiOiIzMDQiLCJpYXQiOjE3NzkxNzcyNjIsImV4cCI6MTc3OTI2MzY2MiwidXNlcm5hbWUiOiJsb2FkX3VzZXJfMDMwMiJ9.2lPQRj6QmCIsN9uaIoruUnnNFmTicGT0zRnwGS-tF3Y
load_user_0303,Load@123456,eyJhbGciOiJIUzI1NiIsInR5cCI6IkpXVCJ9.eyJzdWIiOiIzMDUiLCJpYXQiOjE3NzkxNzcyNjIsImV4cCI6MTc3OTI2MzY2MiwidXNlcm5hbWUiOiJsb2FkX3VzZXJfMDMwMyJ9.6ywSen7Ph8lA8TyKGTRxVsYZBi4ERsUB8GhErUwsh4I
load_user_0304,Load@123456,eyJhbGciOiJIUzI1NiIsInR5cCI6IkpXVCJ9.eyJzdWIiOiIzMDYiLCJpYXQiOjE3NzkxNzcyNjIsImV4cCI6MTc3OTI2MzY2MiwidXNlcm5hbWUiOiJsb2FkX3VzZXJfMDMwNCJ9.ZRlp3455asmuWaU4uA2L3WE_EH6dH_HWyeMw0yImewM
load_user_0305,Load@123456,eyJhbGciOiJIUzI1NiIsInR5cCI6IkpXVCJ9.eyJzdWIiOiIzMDciLCJpYXQiOjE3NzkxNzcyNjMsImV4cCI6MTc3OTI2MzY2MywidXNlcm5hbWUiOiJsb2FkX3VzZXJfMDMwNSJ9.58ci8FNZ0VqdublI9M1MoTCatsNP-SQE932GTI-s2eE
load_user_0306,Load@123456,eyJhbGciOiJIUzI1NiIsInR5cCI6IkpXVCJ9.eyJzdWIiOiIzMDgiLCJpYXQiOjE3NzkxNzcyNjMsImV4cCI6MTc3OTI2MzY2MywidXNlcm5hbWUiOiJsb2FkX3VzZXJfMDMwNiJ9.MpUIfe6NRreHVRSBfBWW_i6dSFX05F0-_raQbtcQJ3Q
load_user_0307,Load@123456,eyJhbGciOiJIUzI1NiIsInR5cCI6IkpXVCJ9.eyJzdWIiOiIzMDkiLCJpYXQiOjE3NzkxNzcyNjMsImV4cCI6MTc3OTI2MzY2MywidXNlcm5hbWUiOiJsb2FkX3VzZXJfMDMwNyJ9.xCnV-luXRmDN9W84X6ZMmUhyIk9w-CTso1kuYxC1TAw
load_user_0308,Load@123456,eyJhbGciOiJIUzI1NiIsInR5cCI6IkpXVCJ9.eyJzdWIiOiIzMTAiLCJpYXQiOjE3NzkxNzcyNjMsImV4cCI6MTc3OTI2MzY2MywidXNlcm5hbWUiOiJsb2FkX3VzZXJfMDMwOCJ9.aEOdsacDLy9t42BS5XQ-myrqTtVVEDYyO3tQUp81CfA
load_user_0309,Load@123456,eyJhbGciOiJIUzI1NiIsInR5cCI6IkpXVCJ9.eyJzdWIiOiIzMTEiLCJpYXQiOjE3NzkxNzcyNjMsImV4cCI6MTc3OTI2MzY2MywidXNlcm5hbWUiOiJsb2FkX3VzZXJfMDMwOSJ9.ZOUWtc4bKPPkyaIap_vbVNHTJC9fJMGICuDNTO5U-K4
load_user_0310,Load@123456,eyJhbGciOiJIUzI1NiIsInR5cCI6IkpXVCJ9.eyJzdWIiOiIzMTIiLCJpYXQiOjE3NzkxNzcyNjMsImV4cCI6MTc3OTI2MzY2MywidXNlcm5hbWUiOiJsb2FkX3VzZXJfMDMxMCJ9.tfXXlbdpIe2-S6FjzkjdpgrJzwBK_mooXVt_GSWL9VU
load_user_0311,Load@123456,eyJhbGciOiJIUzI1NiIsInR5cCI6IkpXVCJ9.eyJzdWIiOiIzMTMiLCJpYXQiOjE3NzkxNzcyNjQsImV4cCI6MTc3OTI2MzY2NCwidXNlcm5hbWUiOiJsb2FkX3VzZXJfMDMxMSJ9.T_nkTO_56q6MZUFWcPg_QguJidOqewO3nk-DQj95u0M
load_user_0312,Load@123456,eyJhbGciOiJIUzI1NiIsInR5cCI6IkpXVCJ9.eyJzdWIiOiIzMTQiLCJpYXQiOjE3NzkxNzcyNjQsImV4cCI6MTc3OTI2MzY2NCwidXNlcm5hbWUiOiJsb2FkX3VzZXJfMDMxMiJ9.FhvE0s7X0QxIo_nCqtObzZlCR6nbORJYAiCIUbjkqfM
load_user_0313,Load@123456,eyJhbGciOiJIUzI1NiIsInR5cCI6IkpXVCJ9.eyJzdWIiOiIzMTUiLCJpYXQiOjE3NzkxNzcyNjQsImV4cCI6MTc3OTI2MzY2NCwidXNlcm5hbWUiOiJsb2FkX3VzZXJfMDMxMyJ9.Gy8ij6zFIJRmGyecsC8Csmkrc0aXwYRMVigHuff5IZA
load_user_0314,Load@123456,eyJhbGciOiJIUzI1NiIsInR5cCI6IkpXVCJ9.eyJzdWIiOiIzMTYiLCJpYXQiOjE3NzkxNzcyNjQsImV4cCI6MTc3OTI2MzY2NCwidXNlcm5hbWUiOiJsb2FkX3VzZXJfMDMxNCJ9.RADDDV-CFTxRT3dzVubyRLrkcGb7T7l_jJC6fRaaVwM
load_user_0315,Load@123456,eyJhbGciOiJIUzI1NiIsInR5cCI6IkpXVCJ9.eyJzdWIiOiIzMTciLCJpYXQiOjE3NzkxNzcyNjQsImV4cCI6MTc3OTI2MzY2NCwidXNlcm5hbWUiOiJsb2FkX3VzZXJfMDMxNSJ9.iDsAHAfsMt-JhtRZVpVSRA-gczUom0UbuCLHw1iWhh0
load_user_0316,Load@123456,eyJhbGciOiJIUzI1NiIsInR5cCI6IkpXVCJ9.eyJzdWIiOiIzMTgiLCJpYXQiOjE3NzkxNzcyNjQsImV4cCI6MTc3OTI2MzY2NCwidXNlcm5hbWUiOiJsb2FkX3VzZXJfMDMxNiJ9.ECudiX0YREcgHWUODdoUl27Gnx6iiXYqnnf6OWDGxc0
load_user_0317,Load@123456,eyJhbGciOiJIUzI1NiIsInR5cCI6IkpXVCJ9.eyJzdWIiOiIzMTkiLCJpYXQiOjE3NzkxNzcyNjUsImV4cCI6MTc3OTI2MzY2NSwidXNlcm5hbWUiOiJsb2FkX3VzZXJfMDMxNyJ9.VtxGAMj35avjZ-tWkxIVynzRJphpdTygwAI2gDD6BME
load_user_0318,Load@123456,eyJhbGciOiJIUzI1NiIsInR5cCI6IkpXVCJ9.eyJzdWIiOiIzMjAiLCJpYXQiOjE3NzkxNzcyNjUsImV4cCI6MTc3OTI2MzY2NSwidXNlcm5hbWUiOiJsb2FkX3VzZXJfMDMxOCJ9.91Do_HdOO1lBBboN_eMIQ2fqzt-2tXe40mKXyrZYJOQ
load_user_0319,Load@123456,eyJhbGciOiJIUzI1NiIsInR5cCI6IkpXVCJ9.eyJzdWIiOiIzMjEiLCJpYXQiOjE3NzkxNzcyNjUsImV4cCI6MTc3OTI2MzY2NSwidXNlcm5hbWUiOiJsb2FkX3VzZXJfMDMxOSJ9.obYX9ILfSOpcL1qJ_A3aNihWFJ_1PzVh0zHuem0KbbY
load_user_0320,Load@123456,eyJhbGciOiJIUzI1NiIsInR5cCI6IkpXVCJ9.eyJzdWIiOiIzMjIiLCJpYXQiOjE3NzkxNzcyNjUsImV4cCI6MTc3OTI2MzY2NSwidXNlcm5hbWUiOiJsb2FkX3VzZXJfMDMyMCJ9.L2DPSMwqlbPOLHav2jh5yXvbC5dByQd_lLc3a-7AC3w
load_user_0321,Load@123456,eyJhbGciOiJIUzI1NiIsInR5cCI6IkpXVCJ9.eyJzdWIiOiIzMjMiLCJpYXQiOjE3NzkxNzcyNjUsImV4cCI6MTc3OTI2MzY2NSwidXNlcm5hbWUiOiJsb2FkX3VzZXJfMDMyMSJ9.4A84eKrPo4W-d0jNse-fYyIT8RCq60ZuXo9udUKHYHc
load_user_0322,Load@123456,eyJhbGciOiJIUzI1NiIsInR5cCI6IkpXVCJ9.eyJzdWIiOiIzMjQiLCJpYXQiOjE3NzkxNzcyNjUsImV4cCI6MTc3OTI2MzY2NSwidXNlcm5hbWUiOiJsb2FkX3VzZXJfMDMyMiJ9.zW0tGnS3t94_mkBV-BItG65egFuVfMUp38bvaF1KJ8o
load_user_0323,Load@123456,eyJhbGciOiJIUzI1NiIsInR5cCI6IkpXVCJ9.eyJzdWIiOiIzMjUiLCJpYXQiOjE3NzkxNzcyNjYsImV4cCI6MTc3OTI2MzY2NiwidXNlcm5hbWUiOiJsb2FkX3VzZXJfMDMyMyJ9.UNTYHkL-6T3gwREoYEWIT4ZiqTZhccXRePMIh5XRUkU
load_user_0324,Load@123456,eyJhbGciOiJIUzI1NiIsInR5cCI6IkpXVCJ9.eyJzdWIiOiIzMjYiLCJpYXQiOjE3NzkxNzcyNjYsImV4cCI6MTc3OTI2MzY2NiwidXNlcm5hbWUiOiJsb2FkX3VzZXJfMDMyNCJ9.dk5RZEtjt-Zt4WfwXnAQW7EvjJGpnu76GpbohG4kFLY
load_user_0325,Load@123456,eyJhbGciOiJIUzI1NiIsInR5cCI6IkpXVCJ9.eyJzdWIiOiIzMjciLCJpYXQiOjE3NzkxNzcyNjYsImV4cCI6MTc3OTI2MzY2NiwidXNlcm5hbWUiOiJsb2FkX3VzZXJfMDMyNSJ9.5pMQ8yueHRw6FIAkAw-LYwgZXvzVCvcZX7Oz-YHjZWM
load_user_0326,Load@123456,eyJhbGciOiJIUzI1NiIsInR5cCI6IkpXVCJ9.eyJzdWIiOiIzMjgiLCJpYXQiOjE3NzkxNzcyNjYsImV4cCI6MTc3OTI2MzY2NiwidXNlcm5hbWUiOiJsb2FkX3VzZXJfMDMyNiJ9.Cp-FTb6WDBak3wMq0KdFzHXDNdGrdK0dctL_1hH6wts
load_user_0327,Load@123456,eyJhbGciOiJIUzI1NiIsInR5cCI6IkpXVCJ9.eyJzdWIiOiIzMjkiLCJpYXQiOjE3NzkxNzcyNjYsImV4cCI6MTc3OTI2MzY2NiwidXNlcm5hbWUiOiJsb2FkX3VzZXJfMDMyNyJ9.Dg9xSF0Q6d_dJijcEPao_nMW8eQY9jcarMQWtxOS58c
load_user_0328,Load@123456,eyJhbGciOiJIUzI1NiIsInR5cCI6IkpXVCJ9.eyJzdWIiOiIzMzAiLCJpYXQiOjE3NzkxNzcyNjYsImV4cCI6MTc3OTI2MzY2NiwidXNlcm5hbWUiOiJsb2FkX3VzZXJfMDMyOCJ9.ZW81aDyBPikgiE-yvpANIWmsQIlYi-eur-phm8zh3qg
load_user_0329,Load@123456,eyJhbGciOiJIUzI1NiIsInR5cCI6IkpXVCJ9.eyJzdWIiOiIzMzEiLCJpYXQiOjE3NzkxNzcyNjcsImV4cCI6MTc3OTI2MzY2NywidXNlcm5hbWUiOiJsb2FkX3VzZXJfMDMyOSJ9.MKMqo__OSzYl6ewPAZaIBTBImKy_s6nl2Ziig6EXPAA
load_user_0330,Load@123456,eyJhbGciOiJIUzI1NiIsInR5cCI6IkpXVCJ9.eyJzdWIiOiIzMzIiLCJpYXQiOjE3NzkxNzcyNjcsImV4cCI6MTc3OTI2MzY2NywidXNlcm5hbWUiOiJsb2FkX3VzZXJfMDMzMCJ9.F4JHbo4EWjB9atRNaDDDolRmOFY1c275CP7kKAZeLiM
load_user_0331,Load@123456,eyJhbGciOiJIUzI1NiIsInR5cCI6IkpXVCJ9.eyJzdWIiOiIzMzMiLCJpYXQiOjE3NzkxNzcyNjcsImV4cCI6MTc3OTI2MzY2NywidXNlcm5hbWUiOiJsb2FkX3VzZXJfMDMzMSJ9.8LFQZ_XX8bq2SbSG9D6DAUh1ABscK5F97V1POwMTgrM
load_user_0332,Load@123456,eyJhbGciOiJIUzI1NiIsInR5cCI6IkpXVCJ9.eyJzdWIiOiIzMzQiLCJpYXQiOjE3NzkxNzcyNjcsImV4cCI6MTc3OTI2MzY2NywidXNlcm5hbWUiOiJsb2FkX3VzZXJfMDMzMiJ9.lQKuk4N-vCj6DZC0LIX7qgaUcFG_XZOA1AiqpPVIt24
load_user_0333,Load@123456,eyJhbGciOiJIUzI1NiIsInR5cCI6IkpXVCJ9.eyJzdWIiOiIzMzUiLCJpYXQiOjE3NzkxNzcyNjcsImV4cCI6MTc3OTI2MzY2NywidXNlcm5hbWUiOiJsb2FkX3VzZXJfMDMzMyJ9.i7FGb0O8B4ME5bpJq88VXCjQ49X74OdAkOpEP-EKUU8
load_user_0334,Load@123456,eyJhbGciOiJIUzI1NiIsInR5cCI6IkpXVCJ9.eyJzdWIiOiIzMzYiLCJpYXQiOjE3NzkxNzcyNjcsImV4cCI6MTc3OTI2MzY2NywidXNlcm5hbWUiOiJsb2FkX3VzZXJfMDMzNCJ9.wjxkLlzAdq1wDIJ5mcegmSV0iMUuMZ_xgAgbmu84Ry8
load_user_0335,Load@123456,eyJhbGciOiJIUzI1NiIsInR5cCI6IkpXVCJ9.eyJzdWIiOiIzMzciLCJpYXQiOjE3NzkxNzcyNjgsImV4cCI6MTc3OTI2MzY2OCwidXNlcm5hbWUiOiJsb2FkX3VzZXJfMDMzNSJ9.ui9FAc6dE4QvrBUYb6lItuT2MO7dbtRa380L8ypkF1A
load_user_0336,Load@123456,eyJhbGciOiJIUzI1NiIsInR5cCI6IkpXVCJ9.eyJzdWIiOiIzMzgiLCJpYXQiOjE3NzkxNzcyNjgsImV4cCI6MTc3OTI2MzY2OCwidXNlcm5hbWUiOiJsb2FkX3VzZXJfMDMzNiJ9.x-uo_2Lh6mLxeJh_CkvOP5PjGtrgkTlCNo19vj7kisk
load_user_0337,Load@123456,eyJhbGciOiJIUzI1NiIsInR5cCI6IkpXVCJ9.eyJzdWIiOiIzMzkiLCJpYXQiOjE3NzkxNzcyNjgsImV4cCI6MTc3OTI2MzY2OCwidXNlcm5hbWUiOiJsb2FkX3VzZXJfMDMzNyJ9.SKrRJ4iOLksgII83U4mSMEzPESqdObrRZ9WykqwLJ64
load_user_0338,Load@123456,eyJhbGciOiJIUzI1NiIsInR5cCI6IkpXVCJ9.eyJzdWIiOiIzNDAiLCJpYXQiOjE3NzkxNzcyNjgsImV4cCI6MTc3OTI2MzY2OCwidXNlcm5hbWUiOiJsb2FkX3VzZXJfMDMzOCJ9.MoaVcEuPUokPIbHP5Tpu3m5r0uvVsKwjUzfDud3p9ZE
load_user_0339,Load@123456,eyJhbGciOiJIUzI1NiIsInR5cCI6IkpXVCJ9.eyJzdWIiOiIzNDEiLCJpYXQiOjE3NzkxNzcyNjgsImV4cCI6MTc3OTI2MzY2OCwidXNlcm5hbWUiOiJsb2FkX3VzZXJfMDMzOSJ9.kseq7WCGp8zbyfSrBkPi6JzkMGbKWDmyz2QK3maDDFc
load_user_0340,Load@123456,eyJhbGciOiJIUzI1NiIsInR5cCI6IkpXVCJ9.eyJzdWIiOiIzNDIiLCJpYXQiOjE3NzkxNzcyNjgsImV4cCI6MTc3OTI2MzY2OCwidXNlcm5hbWUiOiJsb2FkX3VzZXJfMDM0MCJ9.KRbLk_eU5cU1GFZzcRWajx6Y2uClbGVqr3dxCRPCp2M
load_user_0341,Load@123456,eyJhbGciOiJIUzI1NiIsInR5cCI6IkpXVCJ9.eyJzdWIiOiIzNDMiLCJpYXQiOjE3NzkxNzcyNjksImV4cCI6MTc3OTI2MzY2OSwidXNlcm5hbWUiOiJsb2FkX3VzZXJfMDM0MSJ9.U9RxHMmRidOYXJlpnz-CgsP5BIgyJUHWlKJ98nTZolE
load_user_0342,Load@123456,eyJhbGciOiJIUzI1NiIsInR5cCI6IkpXVCJ9.eyJzdWIiOiIzNDQiLCJpYXQiOjE3NzkxNzcyNjksImV4cCI6MTc3OTI2MzY2OSwidXNlcm5hbWUiOiJsb2FkX3VzZXJfMDM0MiJ9.EMw_mjLKZGXdEEeNkeg62RymGozKY9YyNO0IPHJaEmo
load_user_0343,Load@123456,eyJhbGciOiJIUzI1NiIsInR5cCI6IkpXVCJ9.eyJzdWIiOiIzNDUiLCJpYXQiOjE3NzkxNzcyNjksImV4cCI6MTc3OTI2MzY2OSwidXNlcm5hbWUiOiJsb2FkX3VzZXJfMDM0MyJ9.Thy_0ThRQ06wFnyUIJBd_CYwl6bQ7klYJkts36-h9d4
load_user_0344,Load@123456,eyJhbGciOiJIUzI1NiIsInR5cCI6IkpXVCJ9.eyJzdWIiOiIzNDYiLCJpYXQiOjE3NzkxNzcyNjksImV4cCI6MTc3OTI2MzY2OSwidXNlcm5hbWUiOiJsb2FkX3VzZXJfMDM0NCJ9.1YKll4NC8mOD_oWwc6b3l8PvbYCzNPhY8kCpmXzbHko
load_user_0345,Load@123456,eyJhbGciOiJIUzI1NiIsInR5cCI6IkpXVCJ9.eyJzdWIiOiIzNDciLCJpYXQiOjE3NzkxNzcyNjksImV4cCI6MTc3OTI2MzY2OSwidXNlcm5hbWUiOiJsb2FkX3VzZXJfMDM0NSJ9.yJqpsO05jeLwVhaJF1Sb5sWlQEvJKonE28msW1ZV-bs
load_user_0346,Load@123456,eyJhbGciOiJIUzI1NiIsInR5cCI6IkpXVCJ9.eyJzdWIiOiIzNDgiLCJpYXQiOjE3NzkxNzcyNzAsImV4cCI6MTc3OTI2MzY3MCwidXNlcm5hbWUiOiJsb2FkX3VzZXJfMDM0NiJ9.NugG4d6sAGThxXREKOHqGuIhyGaRc42bSNg_2gFD8yU
load_user_0347,Load@123456,eyJhbGciOiJIUzI1NiIsInR5cCI6IkpXVCJ9.eyJzdWIiOiIzNDkiLCJpYXQiOjE3NzkxNzcyNzAsImV4cCI6MTc3OTI2MzY3MCwidXNlcm5hbWUiOiJsb2FkX3VzZXJfMDM0NyJ9.f3CWLbG26f_3XIOv4zfHY-nxXlluEsBhBvgNoNd_WdQ
load_user_0348,Load@123456,eyJhbGciOiJIUzI1NiIsInR5cCI6IkpXVCJ9.eyJzdWIiOiIzNTAiLCJpYXQiOjE3NzkxNzcyNzAsImV4cCI6MTc3OTI2MzY3MCwidXNlcm5hbWUiOiJsb2FkX3VzZXJfMDM0OCJ9.NK3KZxljGpFBJc1DQP2AeKbrqSDypvC68z0yNSGBj8o
load_user_0349,Load@123456,eyJhbGciOiJIUzI1NiIsInR5cCI6IkpXVCJ9.eyJzdWIiOiIzNTEiLCJpYXQiOjE3NzkxNzcyNzAsImV4cCI6MTc3OTI2MzY3MCwidXNlcm5hbWUiOiJsb2FkX3VzZXJfMDM0OSJ9.eRzIl8eJzdcbScY7JRPk2zy_hhFkEJHSsXBklY_mpTU
load_user_0350,Load@123456,eyJhbGciOiJIUzI1NiIsInR5cCI6IkpXVCJ9.eyJzdWIiOiIzNTIiLCJpYXQiOjE3NzkxNzcyNzAsImV4cCI6MTc3OTI2MzY3MCwidXNlcm5hbWUiOiJsb2FkX3VzZXJfMDM1MCJ9.gN_Vj7QtOK1ozoJdP3dc1UCAT8lKhxsGYgrR9EraXXE
load_user_0351,Load@123456,eyJhbGciOiJIUzI1NiIsInR5cCI6IkpXVCJ9.eyJzdWIiOiIzNTMiLCJpYXQiOjE3NzkxNzcyNzAsImV4cCI6MTc3OTI2MzY3MCwidXNlcm5hbWUiOiJsb2FkX3VzZXJfMDM1MSJ9.i-pU2CG5JdQwvuRtE6q66JiSftc9Ap-bgxdB5lrRLfY
load_user_0352,Load@123456,eyJhbGciOiJIUzI1NiIsInR5cCI6IkpXVCJ9.eyJzdWIiOiIzNTQiLCJpYXQiOjE3NzkxNzcyNzEsImV4cCI6MTc3OTI2MzY3MSwidXNlcm5hbWUiOiJsb2FkX3VzZXJfMDM1MiJ9.L2ND5Krbk4UV_TqIoBz3KZRsjpwC-KkOrp8gAKNmi5o
load_user_0353,Load@123456,eyJhbGciOiJIUzI1NiIsInR5cCI6IkpXVCJ9.eyJzdWIiOiIzNTUiLCJpYXQiOjE3NzkxNzcyNzEsImV4cCI6MTc3OTI2MzY3MSwidXNlcm5hbWUiOiJsb2FkX3VzZXJfMDM1MyJ9.zQpOfXov-ulydv64Un78gr9VU5_d6xVhz16a7MCi7y8
load_user_0354,Load@123456,eyJhbGciOiJIUzI1NiIsInR5cCI6IkpXVCJ9.eyJzdWIiOiIzNTYiLCJpYXQiOjE3NzkxNzcyNzEsImV4cCI6MTc3OTI2MzY3MSwidXNlcm5hbWUiOiJsb2FkX3VzZXJfMDM1NCJ9.TNI4N-vuYLtkYf0bbi_f_pcs-OxYVtfngAnXrTf93rQ
load_user_0355,Load@123456,eyJhbGciOiJIUzI1NiIsInR5cCI6IkpXVCJ9.eyJzdWIiOiIzNTciLCJpYXQiOjE3NzkxNzcyNzEsImV4cCI6MTc3OTI2MzY3MSwidXNlcm5hbWUiOiJsb2FkX3VzZXJfMDM1NSJ9.v7SIaqS2BWHl5qbx5EDtZN8zrbkk41CCysfL7xXYlkQ
load_user_0356,Load@123456,eyJhbGciOiJIUzI1NiIsInR5cCI6IkpXVCJ9.eyJzdWIiOiIzNTgiLCJpYXQiOjE3NzkxNzcyNzEsImV4cCI6MTc3OTI2MzY3MSwidXNlcm5hbWUiOiJsb2FkX3VzZXJfMDM1NiJ9.ea614HTgxQQUhBhtpAROEGDrqq-rYf9anyQpAqoWdZE
load_user_0357,Load@123456,eyJhbGciOiJIUzI1NiIsInR5cCI6IkpXVCJ9.eyJzdWIiOiIzNTkiLCJpYXQiOjE3NzkxNzcyNzIsImV4cCI6MTc3OTI2MzY3MiwidXNlcm5hbWUiOiJsb2FkX3VzZXJfMDM1NyJ9.8CdvIBO5AxWMnr-YOGbx4D9MAo3V4YtEpIa6ViViOdo
load_user_0358,Load@123456,eyJhbGciOiJIUzI1NiIsInR5cCI6IkpXVCJ9.eyJzdWIiOiIzNjAiLCJpYXQiOjE3NzkxNzcyNzIsImV4cCI6MTc3OTI2MzY3MiwidXNlcm5hbWUiOiJsb2FkX3VzZXJfMDM1OCJ9.ooxvDZ-HU2Si2AMj5Cgqg1rN7Y0M_WsiN1URM_qFTmk
load_user_0359,Load@123456,eyJhbGciOiJIUzI1NiIsInR5cCI6IkpXVCJ9.eyJzdWIiOiIzNjEiLCJpYXQiOjE3NzkxNzcyNzIsImV4cCI6MTc3OTI2MzY3MiwidXNlcm5hbWUiOiJsb2FkX3VzZXJfMDM1OSJ9.t3bGEhO-0oT3Rn7pwh4DHfrtztQxb2H2BAvvEOQEthg
load_user_0360,Load@123456,eyJhbGciOiJIUzI1NiIsInR5cCI6IkpXVCJ9.eyJzdWIiOiIzNjIiLCJpYXQiOjE3NzkxNzcyNzIsImV4cCI6MTc3OTI2MzY3MiwidXNlcm5hbWUiOiJsb2FkX3VzZXJfMDM2MCJ9.2OgtxeWrKsqFvOyoJnmn5RfT2FXdrNpB_ZicncJfIFU
load_user_0361,Load@123456,eyJhbGciOiJIUzI1NiIsInR5cCI6IkpXVCJ9.eyJzdWIiOiIzNjMiLCJpYXQiOjE3NzkxNzcyNzIsImV4cCI6MTc3OTI2MzY3MiwidXNlcm5hbWUiOiJsb2FkX3VzZXJfMDM2MSJ9.-tLVy_dhONxmLqzVbLaq-VP18zOAG4ztkgfiTBRov90
load_user_0362,Load@123456,eyJhbGciOiJIUzI1NiIsInR5cCI6IkpXVCJ9.eyJzdWIiOiIzNjQiLCJpYXQiOjE3NzkxNzcyNzIsImV4cCI6MTc3OTI2MzY3MiwidXNlcm5hbWUiOiJsb2FkX3VzZXJfMDM2MiJ9.ZJhZPU6pomc1YG6zZqNh7PkMMplFdwdFgnMmi_UbzgQ
load_user_0363,Load@123456,eyJhbGciOiJIUzI1NiIsInR5cCI6IkpXVCJ9.eyJzdWIiOiIzNjUiLCJpYXQiOjE3NzkxNzcyNzMsImV4cCI6MTc3OTI2MzY3MywidXNlcm5hbWUiOiJsb2FkX3VzZXJfMDM2MyJ9.ySXE6xmjddBfpKvOEepeWkw1fncJ5V-AuT3TaVmA_uo
load_user_0364,Load@123456,eyJhbGciOiJIUzI1NiIsInR5cCI6IkpXVCJ9.eyJzdWIiOiIzNjYiLCJpYXQiOjE3NzkxNzcyNzMsImV4cCI6MTc3OTI2MzY3MywidXNlcm5hbWUiOiJsb2FkX3VzZXJfMDM2NCJ9.2WO95QG02Gxo_qoSYMXSa2bYhccSve9aIyvQaRDfHbg
load_user_0365,Load@123456,eyJhbGciOiJIUzI1NiIsInR5cCI6IkpXVCJ9.eyJzdWIiOiIzNjciLCJpYXQiOjE3NzkxNzcyNzMsImV4cCI6MTc3OTI2MzY3MywidXNlcm5hbWUiOiJsb2FkX3VzZXJfMDM2NSJ9.pYtgeg2lNHLGUZF-f7ztUP9zIa43VzdT5GpcrTDJ6jA
load_user_0366,Load@123456,eyJhbGciOiJIUzI1NiIsInR5cCI6IkpXVCJ9.eyJzdWIiOiIzNjgiLCJpYXQiOjE3NzkxNzcyNzMsImV4cCI6MTc3OTI2MzY3MywidXNlcm5hbWUiOiJsb2FkX3VzZXJfMDM2NiJ9.8spW48BMlF-QeB3eenOaWMxcftkp4wJDXbpm-ZjR4VY
load_user_0367,Load@123456,eyJhbGciOiJIUzI1NiIsInR5cCI6IkpXVCJ9.eyJzdWIiOiIzNjkiLCJpYXQiOjE3NzkxNzcyNzMsImV4cCI6MTc3OTI2MzY3MywidXNlcm5hbWUiOiJsb2FkX3VzZXJfMDM2NyJ9.BHVWBZbXhwRsNleQJxBAaeD1VD2gMS2Iy2KGowanDYU
load_user_0368,Load@123456,eyJhbGciOiJIUzI1NiIsInR5cCI6IkpXVCJ9.eyJzdWIiOiIzNzAiLCJpYXQiOjE3NzkxNzcyNzMsImV4cCI6MTc3OTI2MzY3MywidXNlcm5hbWUiOiJsb2FkX3VzZXJfMDM2OCJ9.oUdvWPivxWYTlu1qhQmQhradTbnsdLODj0Y3t6PzOLI
load_user_0369,Load@123456,eyJhbGciOiJIUzI1NiIsInR5cCI6IkpXVCJ9.eyJzdWIiOiIzNzEiLCJpYXQiOjE3NzkxNzcyNzQsImV4cCI6MTc3OTI2MzY3NCwidXNlcm5hbWUiOiJsb2FkX3VzZXJfMDM2OSJ9.9QiJ_HI2HM5gdR8vbrpfbg8pZx3KUeDQnxMA--UVfNs
load_user_0370,Load@123456,eyJhbGciOiJIUzI1NiIsInR5cCI6IkpXVCJ9.eyJzdWIiOiIzNzIiLCJpYXQiOjE3NzkxNzcyNzQsImV4cCI6MTc3OTI2MzY3NCwidXNlcm5hbWUiOiJsb2FkX3VzZXJfMDM3MCJ9.FBiM9i5752cNW4OXJeCwE_UaQ41GQ5BbXAZXOmfQpF0
load_user_0371,Load@123456,eyJhbGciOiJIUzI1NiIsInR5cCI6IkpXVCJ9.eyJzdWIiOiIzNzMiLCJpYXQiOjE3NzkxNzcyNzQsImV4cCI6MTc3OTI2MzY3NCwidXNlcm5hbWUiOiJsb2FkX3VzZXJfMDM3MSJ9.YCgWXzaiQRggVU5t1HxymXDGaAgsIRUgxkqvAZZGA8Y
load_user_0372,Load@123456,eyJhbGciOiJIUzI1NiIsInR5cCI6IkpXVCJ9.eyJzdWIiOiIzNzQiLCJpYXQiOjE3NzkxNzcyNzQsImV4cCI6MTc3OTI2MzY3NCwidXNlcm5hbWUiOiJsb2FkX3VzZXJfMDM3MiJ9.pM090wdWrupT7p0w7FetJhHDmMIBAPwFMbcx_nvFgKk
load_user_0373,Load@123456,eyJhbGciOiJIUzI1NiIsInR5cCI6IkpXVCJ9.eyJzdWIiOiIzNzUiLCJpYXQiOjE3NzkxNzcyNzQsImV4cCI6MTc3OTI2MzY3NCwidXNlcm5hbWUiOiJsb2FkX3VzZXJfMDM3MyJ9.ZBXNAqPSsR3ODSJ7uJl2FY0wbs_vS8ZtvwyNC4bwm6w
load_user_0374,Load@123456,eyJhbGciOiJIUzI1NiIsInR5cCI6IkpXVCJ9.eyJzdWIiOiIzNzYiLCJpYXQiOjE3NzkxNzcyNzQsImV4cCI6MTc3OTI2MzY3NCwidXNlcm5hbWUiOiJsb2FkX3VzZXJfMDM3NCJ9.O3jBGGxuM9h6WYsgqdZGZ1piz-zMBIvFHH1j_Z0xtTg
load_user_0375,Load@123456,eyJhbGciOiJIUzI1NiIsInR5cCI6IkpXVCJ9.eyJzdWIiOiIzNzciLCJpYXQiOjE3NzkxNzcyNzUsImV4cCI6MTc3OTI2MzY3NSwidXNlcm5hbWUiOiJsb2FkX3VzZXJfMDM3NSJ9.jGiurdlECfBlvtJnzPU3Du3OtJUAsuATuL1EdyFCs80
load_user_0376,Load@123456,eyJhbGciOiJIUzI1NiIsInR5cCI6IkpXVCJ9.eyJzdWIiOiIzNzgiLCJpYXQiOjE3NzkxNzcyNzUsImV4cCI6MTc3OTI2MzY3NSwidXNlcm5hbWUiOiJsb2FkX3VzZXJfMDM3NiJ9.N08xhknGztLFscLcYS9wQd750kV0xyp5Z3gaz893KtQ
load_user_0377,Load@123456,eyJhbGciOiJIUzI1NiIsInR5cCI6IkpXVCJ9.eyJzdWIiOiIzNzkiLCJpYXQiOjE3NzkxNzcyNzUsImV4cCI6MTc3OTI2MzY3NSwidXNlcm5hbWUiOiJsb2FkX3VzZXJfMDM3NyJ9.2Thtv2hlA_cheM7r9ab7ipVx_I6yUDgPUODpacDqUNo
load_user_0378,Load@123456,eyJhbGciOiJIUzI1NiIsInR5cCI6IkpXVCJ9.eyJzdWIiOiIzODAiLCJpYXQiOjE3NzkxNzcyNzUsImV4cCI6MTc3OTI2MzY3NSwidXNlcm5hbWUiOiJsb2FkX3VzZXJfMDM3OCJ9.0d3dDoa_DCWWWN85dHmkPSc4jdDDd8tyMCqQQV7c8YQ
load_user_0379,Load@123456,eyJhbGciOiJIUzI1NiIsInR5cCI6IkpXVCJ9.eyJzdWIiOiIzODEiLCJpYXQiOjE3NzkxNzcyNzUsImV4cCI6MTc3OTI2MzY3NSwidXNlcm5hbWUiOiJsb2FkX3VzZXJfMDM3OSJ9.RZSmUop3Z7iTqjpi2M_KawTPyZYKJzmxqfRpjhr8JI0
load_user_0380,Load@123456,eyJhbGciOiJIUzI1NiIsInR5cCI6IkpXVCJ9.eyJzdWIiOiIzODIiLCJpYXQiOjE3NzkxNzcyNzUsImV4cCI6MTc3OTI2MzY3NSwidXNlcm5hbWUiOiJsb2FkX3VzZXJfMDM4MCJ9.l2sWJ3Z9VOLQurUZUX9UQ1y4QK-i4PB-RHAFFaRLS3o
load_user_0381,Load@123456,eyJhbGciOiJIUzI1NiIsInR5cCI6IkpXVCJ9.eyJzdWIiOiIzODMiLCJpYXQiOjE3NzkxNzcyNzYsImV4cCI6MTc3OTI2MzY3NiwidXNlcm5hbWUiOiJsb2FkX3VzZXJfMDM4MSJ9.ghvOQVPilxaZ5nRAeMxgpdPx-tWhAfgJrGDxKScbVvc
load_user_0382,Load@123456,eyJhbGciOiJIUzI1NiIsInR5cCI6IkpXVCJ9.eyJzdWIiOiIzODQiLCJpYXQiOjE3NzkxNzcyNzYsImV4cCI6MTc3OTI2MzY3NiwidXNlcm5hbWUiOiJsb2FkX3VzZXJfMDM4MiJ9.KDHVxyFY2myLqonzbhFyYmGbkCwCUFUfTOZ5kQY0Ay4
load_user_0383,Load@123456,eyJhbGciOiJIUzI1NiIsInR5cCI6IkpXVCJ9.eyJzdWIiOiIzODUiLCJpYXQiOjE3NzkxNzcyNzYsImV4cCI6MTc3OTI2MzY3NiwidXNlcm5hbWUiOiJsb2FkX3VzZXJfMDM4MyJ9.hI3H7Zk9tAW-V23_XpevpIsmv8_EGDwz1FXo9UTAcWE
load_user_0384,Load@123456,eyJhbGciOiJIUzI1NiIsInR5cCI6IkpXVCJ9.eyJzdWIiOiIzODYiLCJpYXQiOjE3NzkxNzcyNzYsImV4cCI6MTc3OTI2MzY3NiwidXNlcm5hbWUiOiJsb2FkX3VzZXJfMDM4NCJ9.6b7_2BWy5OnA1Q2Rt2asQs-ZXL22KVPs0KdE07qoK6E
load_user_0385,Load@123456,eyJhbGciOiJIUzI1NiIsInR5cCI6IkpXVCJ9.eyJzdWIiOiIzODciLCJpYXQiOjE3NzkxNzcyNzYsImV4cCI6MTc3OTI2MzY3NiwidXNlcm5hbWUiOiJsb2FkX3VzZXJfMDM4NSJ9.X4iH0R7bO6OHWXkwUsEzYJ2dDsKSCwJwtmCvUOtKJZA
load_user_0386,Load@123456,eyJhbGciOiJIUzI1NiIsInR5cCI6IkpXVCJ9.eyJzdWIiOiIzODgiLCJpYXQiOjE3NzkxNzcyNzcsImV4cCI6MTc3OTI2MzY3NywidXNlcm5hbWUiOiJsb2FkX3VzZXJfMDM4NiJ9.YFIQL0seSjE8Bo1jZk8PDn07vtzl9TLX2C_rZOXIbpw
load_user_0387,Load@123456,eyJhbGciOiJIUzI1NiIsInR5cCI6IkpXVCJ9.eyJzdWIiOiIzODkiLCJpYXQiOjE3NzkxNzcyNzcsImV4cCI6MTc3OTI2MzY3NywidXNlcm5hbWUiOiJsb2FkX3VzZXJfMDM4NyJ9.QefltgfQvOgk9SzvE2JTKYTg7qErraJoJxJjnjjxpPM
load_user_0388,Load@123456,eyJhbGciOiJIUzI1NiIsInR5cCI6IkpXVCJ9.eyJzdWIiOiIzOTAiLCJpYXQiOjE3NzkxNzcyNzcsImV4cCI6MTc3OTI2MzY3NywidXNlcm5hbWUiOiJsb2FkX3VzZXJfMDM4OCJ9.Ds0fikua8vY59r1skfR6dEeyigbbQyRfgmPQ5N9oM1I
load_user_0389,Load@123456,eyJhbGciOiJIUzI1NiIsInR5cCI6IkpXVCJ9.eyJzdWIiOiIzOTEiLCJpYXQiOjE3NzkxNzcyNzcsImV4cCI6MTc3OTI2MzY3NywidXNlcm5hbWUiOiJsb2FkX3VzZXJfMDM4OSJ9.Bfr9GLc3ikFVd7nozdhsDlDQ9AwBT3lyEy_7oLcrbNw
load_user_0390,Load@123456,eyJhbGciOiJIUzI1NiIsInR5cCI6IkpXVCJ9.eyJzdWIiOiIzOTIiLCJpYXQiOjE3NzkxNzcyNzcsImV4cCI6MTc3OTI2MzY3NywidXNlcm5hbWUiOiJsb2FkX3VzZXJfMDM5MCJ9.wXt3VNUhw2VjJ7RdOvT7OQOFLjkRT2cPOXVVKxzoGD0
load_user_0391,Load@123456,eyJhbGciOiJIUzI1NiIsInR5cCI6IkpXVCJ9.eyJzdWIiOiIzOTMiLCJpYXQiOjE3NzkxNzcyNzcsImV4cCI6MTc3OTI2MzY3NywidXNlcm5hbWUiOiJsb2FkX3VzZXJfMDM5MSJ9.6A0gUXWFNaKRYmaqbzY8FtR361vmYiA-WgUKSFhaFLU
load_user_0392,Load@123456,eyJhbGciOiJIUzI1NiIsInR5cCI6IkpXVCJ9.eyJzdWIiOiIzOTQiLCJpYXQiOjE3NzkxNzcyNzgsImV4cCI6MTc3OTI2MzY3OCwidXNlcm5hbWUiOiJsb2FkX3VzZXJfMDM5MiJ9.bc3wNDPJ6jIP4A1s_GRqwSRz2M3cevexV4C8HzqMYgA
load_user_0393,Load@123456,eyJhbGciOiJIUzI1NiIsInR5cCI6IkpXVCJ9.eyJzdWIiOiIzOTUiLCJpYXQiOjE3NzkxNzcyNzgsImV4cCI6MTc3OTI2MzY3OCwidXNlcm5hbWUiOiJsb2FkX3VzZXJfMDM5MyJ9.nM7oEmsszjhrvlvufyUje9NJynuIdsbtIvWdZD6dPHk
load_user_0394,Load@123456,eyJhbGciOiJIUzI1NiIsInR5cCI6IkpXVCJ9.eyJzdWIiOiIzOTYiLCJpYXQiOjE3NzkxNzcyNzgsImV4cCI6MTc3OTI2MzY3OCwidXNlcm5hbWUiOiJsb2FkX3VzZXJfMDM5NCJ9.5pog0X5cXYPrzw9fkqYulmhdELNwEBMuoxrrw6YaKx4
load_user_0395,Load@123456,eyJhbGciOiJIUzI1NiIsInR5cCI6IkpXVCJ9.eyJzdWIiOiIzOTciLCJpYXQiOjE3NzkxNzcyNzgsImV4cCI6MTc3OTI2MzY3OCwidXNlcm5hbWUiOiJsb2FkX3VzZXJfMDM5NSJ9.oq0e5PCtwysi8TLyPMX7Byx3FAxOmYbezXrJjN5s9Jw
load_user_0396,Load@123456,eyJhbGciOiJIUzI1NiIsInR5cCI6IkpXVCJ9.eyJzdWIiOiIzOTgiLCJpYXQiOjE3NzkxNzcyNzgsImV4cCI6MTc3OTI2MzY3OCwidXNlcm5hbWUiOiJsb2FkX3VzZXJfMDM5NiJ9.JgPWRqOq5rkUpj43wX_LDO8Be5PGDUSeDDm7y0YdCGg
load_user_0397,Load@123456,eyJhbGciOiJIUzI1NiIsInR5cCI6IkpXVCJ9.eyJzdWIiOiIzOTkiLCJpYXQiOjE3NzkxNzcyNzgsImV4cCI6MTc3OTI2MzY3OCwidXNlcm5hbWUiOiJsb2FkX3VzZXJfMDM5NyJ9.9SE_GOTCqmdkdCoRRofN5hwR2PuXp2fN7XAqHfYey-I
load_user_0398,Load@123456,eyJhbGciOiJIUzI1NiIsInR5cCI6IkpXVCJ9.eyJzdWIiOiI0MDAiLCJpYXQiOjE3NzkxNzcyNzksImV4cCI6MTc3OTI2MzY3OSwidXNlcm5hbWUiOiJsb2FkX3VzZXJfMDM5OCJ9.NR8ERa6voYYJoKYtvJ5E-PtcEnCddkEg8PiSISr1ap8
load_user_0399,Load@123456,eyJhbGciOiJIUzI1NiIsInR5cCI6IkpXVCJ9.eyJzdWIiOiI0MDEiLCJpYXQiOjE3NzkxNzcyNzksImV4cCI6MTc3OTI2MzY3OSwidXNlcm5hbWUiOiJsb2FkX3VzZXJfMDM5OSJ9.P7jALLbE-fa1IiZivxyBHaGCor-GM-LfIn5hML3YxX8
load_user_0400,Load@123456,eyJhbGciOiJIUzI1NiIsInR5cCI6IkpXVCJ9.eyJzdWIiOiI0MDIiLCJpYXQiOjE3NzkxNzcyNzksImV4cCI6MTc3OTI2MzY3OSwidXNlcm5hbWUiOiJsb2FkX3VzZXJfMDQwMCJ9.U5DkHAZHfyA6gtwZKxilU2aBRcF24FwDcGZmmmIGjx8
load_user_0401,Load@123456,eyJhbGciOiJIUzI1NiIsInR5cCI6IkpXVCJ9.eyJzdWIiOiI0MDMiLCJpYXQiOjE3NzkxNzcyNzksImV4cCI6MTc3OTI2MzY3OSwidXNlcm5hbWUiOiJsb2FkX3VzZXJfMDQwMSJ9.lVejYnYFVWfErL1ZRGYEZqNym1uSBvTefY_Gb9-ibcE
load_user_0402,Load@123456,eyJhbGciOiJIUzI1NiIsInR5cCI6IkpXVCJ9.eyJzdWIiOiI0MDQiLCJpYXQiOjE3NzkxNzcyNzksImV4cCI6MTc3OTI2MzY3OSwidXNlcm5hbWUiOiJsb2FkX3VzZXJfMDQwMiJ9.sjogoU6vEybiMcNqRpF4JdKf4z2rFRXtIwfKkgK4exs
load_user_0403,Load@123456,eyJhbGciOiJIUzI1NiIsInR5cCI6IkpXVCJ9.eyJzdWIiOiI0MDUiLCJpYXQiOjE3NzkxNzcyNzksImV4cCI6MTc3OTI2MzY3OSwidXNlcm5hbWUiOiJsb2FkX3VzZXJfMDQwMyJ9.4rOy1q_Ta7aYvmLQUr84qEPlGvvghOyYh4WRFIZV5xA
load_user_0404,Load@123456,eyJhbGciOiJIUzI1NiIsInR5cCI6IkpXVCJ9.eyJzdWIiOiI0MDYiLCJpYXQiOjE3NzkxNzcyODAsImV4cCI6MTc3OTI2MzY4MCwidXNlcm5hbWUiOiJsb2FkX3VzZXJfMDQwNCJ9.ZCFRLCQLn2v9bPmjTSjEohvefHhNihPDdihF1BcxFuY
load_user_0405,Load@123456,eyJhbGciOiJIUzI1NiIsInR5cCI6IkpXVCJ9.eyJzdWIiOiI0MDciLCJpYXQiOjE3NzkxNzcyODAsImV4cCI6MTc3OTI2MzY4MCwidXNlcm5hbWUiOiJsb2FkX3VzZXJfMDQwNSJ9.LgJHbrL6NoxHu1lYXcvasuG_HqHrnZz_2ue8vZ8VWxk
load_user_0406,Load@123456,eyJhbGciOiJIUzI1NiIsInR5cCI6IkpXVCJ9.eyJzdWIiOiI0MDgiLCJpYXQiOjE3NzkxNzcyODAsImV4cCI6MTc3OTI2MzY4MCwidXNlcm5hbWUiOiJsb2FkX3VzZXJfMDQwNiJ9.3gFgYw2Z_1gM0CR_xAG8khHhbBSE5UQfKHeH-kT2GRc
load_user_0407,Load@123456,eyJhbGciOiJIUzI1NiIsInR5cCI6IkpXVCJ9.eyJzdWIiOiI0MDkiLCJpYXQiOjE3NzkxNzcyODAsImV4cCI6MTc3OTI2MzY4MCwidXNlcm5hbWUiOiJsb2FkX3VzZXJfMDQwNyJ9.K5ZHglLm3PR1ikq-YdGyPKasUriQB5qq-ODobrYpGw4
load_user_0408,Load@123456,eyJhbGciOiJIUzI1NiIsInR5cCI6IkpXVCJ9.eyJzdWIiOiI0MTAiLCJpYXQiOjE3NzkxNzcyODAsImV4cCI6MTc3OTI2MzY4MCwidXNlcm5hbWUiOiJsb2FkX3VzZXJfMDQwOCJ9.njZK79dFpls_nR_9ba0JE14oqGYQh1KfHbnLiWWZsEw
load_user_0409,Load@123456,eyJhbGciOiJIUzI1NiIsInR5cCI6IkpXVCJ9.eyJzdWIiOiI0MTEiLCJpYXQiOjE3NzkxNzcyODAsImV4cCI6MTc3OTI2MzY4MCwidXNlcm5hbWUiOiJsb2FkX3VzZXJfMDQwOSJ9.22xiFTkcmx2Cr1iK44hDIFieGRFx1WdugH-HcZHr4fI
load_user_0410,Load@123456,eyJhbGciOiJIUzI1NiIsInR5cCI6IkpXVCJ9.eyJzdWIiOiI0MTIiLCJpYXQiOjE3NzkxNzcyODEsImV4cCI6MTc3OTI2MzY4MSwidXNlcm5hbWUiOiJsb2FkX3VzZXJfMDQxMCJ9.XSPAMoKZG6ijaXWlmsG2G2jC9Ih6m0wo3BicKcljXiw
load_user_0411,Load@123456,eyJhbGciOiJIUzI1NiIsInR5cCI6IkpXVCJ9.eyJzdWIiOiI0MTMiLCJpYXQiOjE3NzkxNzcyODEsImV4cCI6MTc3OTI2MzY4MSwidXNlcm5hbWUiOiJsb2FkX3VzZXJfMDQxMSJ9.XdiAErJYTRMQ27iB4gonEif9zhWDRxTuLPkXPVqgAk4
load_user_0412,Load@123456,eyJhbGciOiJIUzI1NiIsInR5cCI6IkpXVCJ9.eyJzdWIiOiI0MTQiLCJpYXQiOjE3NzkxNzcyODEsImV4cCI6MTc3OTI2MzY4MSwidXNlcm5hbWUiOiJsb2FkX3VzZXJfMDQxMiJ9.CwjWiRzGoEjvfU1Wsi8v7hATJb99SFYQ2mbEkjmyaEw
load_user_0413,Load@123456,eyJhbGciOiJIUzI1NiIsInR5cCI6IkpXVCJ9.eyJzdWIiOiI0MTUiLCJpYXQiOjE3NzkxNzcyODEsImV4cCI6MTc3OTI2MzY4MSwidXNlcm5hbWUiOiJsb2FkX3VzZXJfMDQxMyJ9.qjQm7ODqrbKrsL8FiY7J7zZm_Ob5DIjMovF-ZlgdvNk
load_user_0414,Load@123456,eyJhbGciOiJIUzI1NiIsInR5cCI6IkpXVCJ9.eyJzdWIiOiI0MTYiLCJpYXQiOjE3NzkxNzcyODEsImV4cCI6MTc3OTI2MzY4MSwidXNlcm5hbWUiOiJsb2FkX3VzZXJfMDQxNCJ9.t7PIk5yiJdV3YhuezgTDoDPHGNWhrCAKCXbPe0HMHis
load_user_0415,Load@123456,eyJhbGciOiJIUzI1NiIsInR5cCI6IkpXVCJ9.eyJzdWIiOiI0MTciLCJpYXQiOjE3NzkxNzcyODEsImV4cCI6MTc3OTI2MzY4MSwidXNlcm5hbWUiOiJsb2FkX3VzZXJfMDQxNSJ9.fXFZKQC8IekHABDo2ZojjO3-zouOsB5N9oae-tQsCFk
load_user_0416,Load@123456,eyJhbGciOiJIUzI1NiIsInR5cCI6IkpXVCJ9.eyJzdWIiOiI0MTgiLCJpYXQiOjE3NzkxNzcyODIsImV4cCI6MTc3OTI2MzY4MiwidXNlcm5hbWUiOiJsb2FkX3VzZXJfMDQxNiJ9.30_y07KxgtoplaDOyTjtp869UbHREYWlHlnwM0WpldU
load_user_0417,Load@123456,eyJhbGciOiJIUzI1NiIsInR5cCI6IkpXVCJ9.eyJzdWIiOiI0MTkiLCJpYXQiOjE3NzkxNzcyODIsImV4cCI6MTc3OTI2MzY4MiwidXNlcm5hbWUiOiJsb2FkX3VzZXJfMDQxNyJ9.nH_H371rrg38udRstjr0aIRLTkrCCL3Krje3WVUPwJc
load_user_0418,Load@123456,eyJhbGciOiJIUzI1NiIsInR5cCI6IkpXVCJ9.eyJzdWIiOiI0MjAiLCJpYXQiOjE3NzkxNzcyODIsImV4cCI6MTc3OTI2MzY4MiwidXNlcm5hbWUiOiJsb2FkX3VzZXJfMDQxOCJ9.sGxRg5lrvakIrxTdcsYdvl7vfI1ClD-D942hloEVKH4
load_user_0419,Load@123456,eyJhbGciOiJIUzI1NiIsInR5cCI6IkpXVCJ9.eyJzdWIiOiI0MjEiLCJpYXQiOjE3NzkxNzcyODIsImV4cCI6MTc3OTI2MzY4MiwidXNlcm5hbWUiOiJsb2FkX3VzZXJfMDQxOSJ9.P-k0UvZC_EqkrwCx3eKwzcxyEOO5_0lXWhzg5tLthsc
load_user_0420,Load@123456,eyJhbGciOiJIUzI1NiIsInR5cCI6IkpXVCJ9.eyJzdWIiOiI0MjIiLCJpYXQiOjE3NzkxNzcyODIsImV4cCI6MTc3OTI2MzY4MiwidXNlcm5hbWUiOiJsb2FkX3VzZXJfMDQyMCJ9.TwUj_QcRy2HAOTPJZ3WYvptLR1JOG4f876wIREby0mA
load_user_0421,Load@123456,eyJhbGciOiJIUzI1NiIsInR5cCI6IkpXVCJ9.eyJzdWIiOiI0MjMiLCJpYXQiOjE3NzkxNzcyODMsImV4cCI6MTc3OTI2MzY4MywidXNlcm5hbWUiOiJsb2FkX3VzZXJfMDQyMSJ9.4G02oULOT9NS9nMInBUlm3TyFlIoD6JaLxgbTJW9h5g
load_user_0422,Load@123456,eyJhbGciOiJIUzI1NiIsInR5cCI6IkpXVCJ9.eyJzdWIiOiI0MjQiLCJpYXQiOjE3NzkxNzcyODMsImV4cCI6MTc3OTI2MzY4MywidXNlcm5hbWUiOiJsb2FkX3VzZXJfMDQyMiJ9.PVgoRbi5NF3dkQmeA22a03wM5SeADAdD4jmbFW4jzgw
load_user_0423,Load@123456,eyJhbGciOiJIUzI1NiIsInR5cCI6IkpXVCJ9.eyJzdWIiOiI0MjUiLCJpYXQiOjE3NzkxNzcyODMsImV4cCI6MTc3OTI2MzY4MywidXNlcm5hbWUiOiJsb2FkX3VzZXJfMDQyMyJ9.eO_QNgIwrW6vaGfZwERDI7dPGY9pkn3e_9bK5AR7ibg
load_user_0424,Load@123456,eyJhbGciOiJIUzI1NiIsInR5cCI6IkpXVCJ9.eyJzdWIiOiI0MjYiLCJpYXQiOjE3NzkxNzcyODMsImV4cCI6MTc3OTI2MzY4MywidXNlcm5hbWUiOiJsb2FkX3VzZXJfMDQyNCJ9.c7ccHGSlQjHOheKNuOZtjhu-tzMYw4ImzCU7cPXDitw
load_user_0425,Load@123456,eyJhbGciOiJIUzI1NiIsInR5cCI6IkpXVCJ9.eyJzdWIiOiI0MjciLCJpYXQiOjE3NzkxNzcyODMsImV4cCI6MTc3OTI2MzY4MywidXNlcm5hbWUiOiJsb2FkX3VzZXJfMDQyNSJ9.Ud807OSL1VPy-PveDDYZfDZFgtcFCyITt0FcipPJuHo
load_user_0426,Load@123456,eyJhbGciOiJIUzI1NiIsInR5cCI6IkpXVCJ9.eyJzdWIiOiI0MjgiLCJpYXQiOjE3NzkxNzcyODMsImV4cCI6MTc3OTI2MzY4MywidXNlcm5hbWUiOiJsb2FkX3VzZXJfMDQyNiJ9.J1XQUQR2eJnVxm4QUkw5Jpg4O8ANarqTBL1sLmICols
load_user_0427,Load@123456,eyJhbGciOiJIUzI1NiIsInR5cCI6IkpXVCJ9.eyJzdWIiOiI0MjkiLCJpYXQiOjE3NzkxNzcyODMsImV4cCI6MTc3OTI2MzY4MywidXNlcm5hbWUiOiJsb2FkX3VzZXJfMDQyNyJ9.5_hKAWpvk5XSb_d7fV1Dua2jzRfcpw83pzKh2xLiRCQ
load_user_0428,Load@123456,eyJhbGciOiJIUzI1NiIsInR5cCI6IkpXVCJ9.eyJzdWIiOiI0MzAiLCJpYXQiOjE3NzkxNzcyODMsImV4cCI6MTc3OTI2MzY4MywidXNlcm5hbWUiOiJsb2FkX3VzZXJfMDQyOCJ9.ltvD5DaPOqBuWlOZXDTp42HzVzwsP06nnlN2O2A1CQ8
load_user_0429,Load@123456,eyJhbGciOiJIUzI1NiIsInR5cCI6IkpXVCJ9.eyJzdWIiOiI0MzEiLCJpYXQiOjE3NzkxNzcyODQsImV4cCI6MTc3OTI2MzY4NCwidXNlcm5hbWUiOiJsb2FkX3VzZXJfMDQyOSJ9.r6NkV3GEhZMyK-Gxj5L_r42unDhtPES0BSyXBdfmxZU
load_user_0430,Load@123456,eyJhbGciOiJIUzI1NiIsInR5cCI6IkpXVCJ9.eyJzdWIiOiI0MzIiLCJpYXQiOjE3NzkxNzcyODQsImV4cCI6MTc3OTI2MzY4NCwidXNlcm5hbWUiOiJsb2FkX3VzZXJfMDQzMCJ9.Wx77bk1RpsnTzjURX4KIXu4jbJlLsR2KVkKxKaPmFkY
load_user_0431,Load@123456,eyJhbGciOiJIUzI1NiIsInR5cCI6IkpXVCJ9.eyJzdWIiOiI0MzMiLCJpYXQiOjE3NzkxNzcyODQsImV4cCI6MTc3OTI2MzY4NCwidXNlcm5hbWUiOiJsb2FkX3VzZXJfMDQzMSJ9.45zE8RECaBtn6FkiV5ow8yIINKn31Vy9YLEOAaDHe_I
load_user_0432,Load@123456,eyJhbGciOiJIUzI1NiIsInR5cCI6IkpXVCJ9.eyJzdWIiOiI0MzQiLCJpYXQiOjE3NzkxNzcyODQsImV4cCI6MTc3OTI2MzY4NCwidXNlcm5hbWUiOiJsb2FkX3VzZXJfMDQzMiJ9.5S4Zn2uVN41KQZfMuF8XDkDFKH30-I_aMvyw_ecQSFg
load_user_0433,Load@123456,eyJhbGciOiJIUzI1NiIsInR5cCI6IkpXVCJ9.eyJzdWIiOiI0MzUiLCJpYXQiOjE3NzkxNzcyODQsImV4cCI6MTc3OTI2MzY4NCwidXNlcm5hbWUiOiJsb2FkX3VzZXJfMDQzMyJ9.qqF4wnCOXhwEN3U4Iinrue9mKbdO7qpc-jbdYkfm1CM
load_user_0434,Load@123456,eyJhbGciOiJIUzI1NiIsInR5cCI6IkpXVCJ9.eyJzdWIiOiI0MzYiLCJpYXQiOjE3NzkxNzcyODQsImV4cCI6MTc3OTI2MzY4NCwidXNlcm5hbWUiOiJsb2FkX3VzZXJfMDQzNCJ9.43Dz59KHY98KlHd0VH5Rzg5L7csCWXx6wDsxhVDme4s
load_user_0435,Load@123456,eyJhbGciOiJIUzI1NiIsInR5cCI6IkpXVCJ9.eyJzdWIiOiI0MzciLCJpYXQiOjE3NzkxNzcyODQsImV4cCI6MTc3OTI2MzY4NCwidXNlcm5hbWUiOiJsb2FkX3VzZXJfMDQzNSJ9.WqQT_uhbOlQ030ixcFraSmQH2yRkbmX877ySsLrwdIU
load_user_0436,Load@123456,eyJhbGciOiJIUzI1NiIsInR5cCI6IkpXVCJ9.eyJzdWIiOiI0MzgiLCJpYXQiOjE3NzkxNzcyODQsImV4cCI6MTc3OTI2MzY4NCwidXNlcm5hbWUiOiJsb2FkX3VzZXJfMDQzNiJ9.ZbBR9qqP4riC4WsuNdMKqNSJC2o5oi7wlFEpVkssHak
load_user_0437,Load@123456,eyJhbGciOiJIUzI1NiIsInR5cCI6IkpXVCJ9.eyJzdWIiOiI0MzkiLCJpYXQiOjE3NzkxNzcyODUsImV4cCI6MTc3OTI2MzY4NSwidXNlcm5hbWUiOiJsb2FkX3VzZXJfMDQzNyJ9.SahIoWH5J_UU97MxquY1Xp61E_BhUAXr1-T4B2KtRNE
load_user_0438,Load@123456,eyJhbGciOiJIUzI1NiIsInR5cCI6IkpXVCJ9.eyJzdWIiOiI0NDAiLCJpYXQiOjE3NzkxNzcyODUsImV4cCI6MTc3OTI2MzY4NSwidXNlcm5hbWUiOiJsb2FkX3VzZXJfMDQzOCJ9.FIAha-zR6yn9SGB61Sijs-Pkv-HjnH5hGUelDfjp3hM
load_user_0439,Load@123456,eyJhbGciOiJIUzI1NiIsInR5cCI6IkpXVCJ9.eyJzdWIiOiI0NDEiLCJpYXQiOjE3NzkxNzcyODUsImV4cCI6MTc3OTI2MzY4NSwidXNlcm5hbWUiOiJsb2FkX3VzZXJfMDQzOSJ9.qnsKjNiEfd1wchG-HOSvV04zP-hNEy8XmjPrWHWManE
load_user_0440,Load@123456,eyJhbGciOiJIUzI1NiIsInR5cCI6IkpXVCJ9.eyJzdWIiOiI0NDIiLCJpYXQiOjE3NzkxNzcyODUsImV4cCI6MTc3OTI2MzY4NSwidXNlcm5hbWUiOiJsb2FkX3VzZXJfMDQ0MCJ9.kpOYgSbHH3hOw5z502SkDiUmbO_3Z4blGqNLob6rb4Y
load_user_0441,Load@123456,eyJhbGciOiJIUzI1NiIsInR5cCI6IkpXVCJ9.eyJzdWIiOiI0NDMiLCJpYXQiOjE3NzkxNzcyODUsImV4cCI6MTc3OTI2MzY4NSwidXNlcm5hbWUiOiJsb2FkX3VzZXJfMDQ0MSJ9.neDkap7yKW3DrYlRxcVBTpLB5f-bYAQqtgivHIRB6pI
load_user_0442,Load@123456,eyJhbGciOiJIUzI1NiIsInR5cCI6IkpXVCJ9.eyJzdWIiOiI0NDQiLCJpYXQiOjE3NzkxNzcyODUsImV4cCI6MTc3OTI2MzY4NSwidXNlcm5hbWUiOiJsb2FkX3VzZXJfMDQ0MiJ9.PQgtzn0rmwwjIPuLm5RnQ9ll_pQvjhX03_cUvAWFpXA
load_user_0443,Load@123456,eyJhbGciOiJIUzI1NiIsInR5cCI6IkpXVCJ9.eyJzdWIiOiI0NDUiLCJpYXQiOjE3NzkxNzcyODUsImV4cCI6MTc3OTI2MzY4NSwidXNlcm5hbWUiOiJsb2FkX3VzZXJfMDQ0MyJ9.Pr8MCkFSZc5tsQsSDuW_QMj6rCJgV3cPzN58sOrPApU
load_user_0444,Load@123456,eyJhbGciOiJIUzI1NiIsInR5cCI6IkpXVCJ9.eyJzdWIiOiI0NDYiLCJpYXQiOjE3NzkxNzcyODYsImV4cCI6MTc3OTI2MzY4NiwidXNlcm5hbWUiOiJsb2FkX3VzZXJfMDQ0NCJ9.KrNI-O4z9Evd_2tTECAcm1oiCve6Ezdbrv0g9ZoYRpM
load_user_0445,Load@123456,eyJhbGciOiJIUzI1NiIsInR5cCI6IkpXVCJ9.eyJzdWIiOiI0NDciLCJpYXQiOjE3NzkxNzcyODYsImV4cCI6MTc3OTI2MzY4NiwidXNlcm5hbWUiOiJsb2FkX3VzZXJfMDQ0NSJ9.jpj7pW1xTDusF_ITESfL_PpFGrcehOukPbxIbmT0wJo
load_user_0446,Load@123456,eyJhbGciOiJIUzI1NiIsInR5cCI6IkpXVCJ9.eyJzdWIiOiI0NDgiLCJpYXQiOjE3NzkxNzcyODYsImV4cCI6MTc3OTI2MzY4NiwidXNlcm5hbWUiOiJsb2FkX3VzZXJfMDQ0NiJ9.fp0FosBSuYDlBJF7A7wk4R65quwMLeAYAmlP8XnlKFo
load_user_0447,Load@123456,eyJhbGciOiJIUzI1NiIsInR5cCI6IkpXVCJ9.eyJzdWIiOiI0NDkiLCJpYXQiOjE3NzkxNzcyODYsImV4cCI6MTc3OTI2MzY4NiwidXNlcm5hbWUiOiJsb2FkX3VzZXJfMDQ0NyJ9.QyIYTegPrbwcrgCSJ1ddnT2j6Wk9dDeH_RiM3QsH-G0
load_user_0448,Load@123456,eyJhbGciOiJIUzI1NiIsInR5cCI6IkpXVCJ9.eyJzdWIiOiI0NTAiLCJpYXQiOjE3NzkxNzcyODYsImV4cCI6MTc3OTI2MzY4NiwidXNlcm5hbWUiOiJsb2FkX3VzZXJfMDQ0OCJ9.KNk3yhg4j5OOk1XcdxKbFiJzsvMAs19krmFElwKd-QA
load_user_0449,Load@123456,eyJhbGciOiJIUzI1NiIsInR5cCI6IkpXVCJ9.eyJzdWIiOiI0NTEiLCJpYXQiOjE3NzkxNzcyODYsImV4cCI6MTc3OTI2MzY4NiwidXNlcm5hbWUiOiJsb2FkX3VzZXJfMDQ0OSJ9._AqfcXcQlP7otWSlLO_DigNxK2voCBi3p4l_jubARnA
load_user_0450,Load@123456,eyJhbGciOiJIUzI1NiIsInR5cCI6IkpXVCJ9.eyJzdWIiOiI0NTIiLCJpYXQiOjE3NzkxNzcyODYsImV4cCI6MTc3OTI2MzY4NiwidXNlcm5hbWUiOiJsb2FkX3VzZXJfMDQ1MCJ9.t4rARwZ6gmtbN9Q-0aiORSoTn-IFV8af9DITjDhSWd0
load_user_0451,Load@123456,eyJhbGciOiJIUzI1NiIsInR5cCI6IkpXVCJ9.eyJzdWIiOiI0NTMiLCJpYXQiOjE3NzkxNzcyODYsImV4cCI6MTc3OTI2MzY4NiwidXNlcm5hbWUiOiJsb2FkX3VzZXJfMDQ1MSJ9.-f3c5QapabqknAayrV4K3HiUtilzC5duo3ZUMQDH1CQ
load_user_0452,Load@123456,eyJhbGciOiJIUzI1NiIsInR5cCI6IkpXVCJ9.eyJzdWIiOiI0NTQiLCJpYXQiOjE3NzkxNzcyODcsImV4cCI6MTc3OTI2MzY4NywidXNlcm5hbWUiOiJsb2FkX3VzZXJfMDQ1MiJ9.lbm5dkzDl2ktnsxhxpUSkrdC3F6Eh4XrhHjOh5PO1qM
load_user_0453,Load@123456,eyJhbGciOiJIUzI1NiIsInR5cCI6IkpXVCJ9.eyJzdWIiOiI0NTUiLCJpYXQiOjE3NzkxNzcyODcsImV4cCI6MTc3OTI2MzY4NywidXNlcm5hbWUiOiJsb2FkX3VzZXJfMDQ1MyJ9.mr-Aja8oOZKXkr4m1v7D8WVw5WKGJP_I29yJIo0sqKY
load_user_0454,Load@123456,eyJhbGciOiJIUzI1NiIsInR5cCI6IkpXVCJ9.eyJzdWIiOiI0NTYiLCJpYXQiOjE3NzkxNzcyODcsImV4cCI6MTc3OTI2MzY4NywidXNlcm5hbWUiOiJsb2FkX3VzZXJfMDQ1NCJ9.wKL4eXwNpFKwzHS4nuTFY4CPDaS03Q3LIwDewL65ank
load_user_0455,Load@123456,eyJhbGciOiJIUzI1NiIsInR5cCI6IkpXVCJ9.eyJzdWIiOiI0NTciLCJpYXQiOjE3NzkxNzcyODcsImV4cCI6MTc3OTI2MzY4NywidXNlcm5hbWUiOiJsb2FkX3VzZXJfMDQ1NSJ9.DjxX6RlCTJkwHesQopwWGUfihW91pOmkCqAFNCLnZHQ
load_user_0456,Load@123456,eyJhbGciOiJIUzI1NiIsInR5cCI6IkpXVCJ9.eyJzdWIiOiI0NTgiLCJpYXQiOjE3NzkxNzcyODcsImV4cCI6MTc3OTI2MzY4NywidXNlcm5hbWUiOiJsb2FkX3VzZXJfMDQ1NiJ9.OqrhbQ0Ch4FNRJkJ8OC3dKh8R8FrjGRer46Hqzso3Mk
load_user_0457,Load@123456,eyJhbGciOiJIUzI1NiIsInR5cCI6IkpXVCJ9.eyJzdWIiOiI0NTkiLCJpYXQiOjE3NzkxNzcyODcsImV4cCI6MTc3OTI2MzY4NywidXNlcm5hbWUiOiJsb2FkX3VzZXJfMDQ1NyJ9.-86GgoWSTy26idYv2KrWn-wIJ39kdgVtT0YANykqDWM
load_user_0458,Load@123456,eyJhbGciOiJIUzI1NiIsInR5cCI6IkpXVCJ9.eyJzdWIiOiI0NjAiLCJpYXQiOjE3NzkxNzcyODcsImV4cCI6MTc3OTI2MzY4NywidXNlcm5hbWUiOiJsb2FkX3VzZXJfMDQ1OCJ9.RmUQFFVh8EDTlXUgaW8RWXzKbY3fvOeNDd-iRgBDnms
load_user_0459,Load@123456,eyJhbGciOiJIUzI1NiIsInR5cCI6IkpXVCJ9.eyJzdWIiOiI0NjEiLCJpYXQiOjE3NzkxNzcyODcsImV4cCI6MTc3OTI2MzY4NywidXNlcm5hbWUiOiJsb2FkX3VzZXJfMDQ1OSJ9.LaI5GjOytgX_t-AKNdC0wkzLEGMhr-WCRK9KL4OK-iw
load_user_0460,Load@123456,eyJhbGciOiJIUzI1NiIsInR5cCI6IkpXVCJ9.eyJzdWIiOiI0NjIiLCJpYXQiOjE3NzkxNzcyODgsImV4cCI6MTc3OTI2MzY4OCwidXNlcm5hbWUiOiJsb2FkX3VzZXJfMDQ2MCJ9.LV7SURytVA51WV17UfNnE3koLkijXVPQ8bOUNzl6vO0
load_user_0461,Load@123456,eyJhbGciOiJIUzI1NiIsInR5cCI6IkpXVCJ9.eyJzdWIiOiI0NjMiLCJpYXQiOjE3NzkxNzcyODgsImV4cCI6MTc3OTI2MzY4OCwidXNlcm5hbWUiOiJsb2FkX3VzZXJfMDQ2MSJ9.-PYNNMte3C-jtm7P4846y-UnhbjVXN36CtV3fWMkUWo
load_user_0462,Load@123456,eyJhbGciOiJIUzI1NiIsInR5cCI6IkpXVCJ9.eyJzdWIiOiI0NjQiLCJpYXQiOjE3NzkxNzcyODgsImV4cCI6MTc3OTI2MzY4OCwidXNlcm5hbWUiOiJsb2FkX3VzZXJfMDQ2MiJ9.dZJUBPp5POTLwoFtcEQoHJ3uZ16bVssij2GkspMjI9s
load_user_0463,Load@123456,eyJhbGciOiJIUzI1NiIsInR5cCI6IkpXVCJ9.eyJzdWIiOiI0NjUiLCJpYXQiOjE3NzkxNzcyODgsImV4cCI6MTc3OTI2MzY4OCwidXNlcm5hbWUiOiJsb2FkX3VzZXJfMDQ2MyJ9.UU6xJ93x7WCSnQa19xoYyZXICO4ybEiQMvkLFO4rVbQ
load_user_0464,Load@123456,eyJhbGciOiJIUzI1NiIsInR5cCI6IkpXVCJ9.eyJzdWIiOiI0NjYiLCJpYXQiOjE3NzkxNzcyODgsImV4cCI6MTc3OTI2MzY4OCwidXNlcm5hbWUiOiJsb2FkX3VzZXJfMDQ2NCJ9.XtzyVddmgZkDMQhrMy_RB223BeSt6dE6ZkQRfbq5FHc
load_user_0465,Load@123456,eyJhbGciOiJIUzI1NiIsInR5cCI6IkpXVCJ9.eyJzdWIiOiI0NjciLCJpYXQiOjE3NzkxNzcyODgsImV4cCI6MTc3OTI2MzY4OCwidXNlcm5hbWUiOiJsb2FkX3VzZXJfMDQ2NSJ9.4WR6NJ5utwj56bniJ2GWTc5Q0BxgP7yPnI9tYy2rg0Q
load_user_0466,Load@123456,eyJhbGciOiJIUzI1NiIsInR5cCI6IkpXVCJ9.eyJzdWIiOiI0NjgiLCJpYXQiOjE3NzkxNzcyODgsImV4cCI6MTc3OTI2MzY4OCwidXNlcm5hbWUiOiJsb2FkX3VzZXJfMDQ2NiJ9.dlSURSInmo414dvMQAeR2H35Kqf6vRBBAms0wNM71RE
load_user_0467,Load@123456,eyJhbGciOiJIUzI1NiIsInR5cCI6IkpXVCJ9.eyJzdWIiOiI0NjkiLCJpYXQiOjE3NzkxNzcyODksImV4cCI6MTc3OTI2MzY4OSwidXNlcm5hbWUiOiJsb2FkX3VzZXJfMDQ2NyJ9.DxoURESTjFjzJYE9br12R-348DbtvR9E6AgsvpWbT8k
load_user_0468,Load@123456,eyJhbGciOiJIUzI1NiIsInR5cCI6IkpXVCJ9.eyJzdWIiOiI0NzAiLCJpYXQiOjE3NzkxNzcyODksImV4cCI6MTc3OTI2MzY4OSwidXNlcm5hbWUiOiJsb2FkX3VzZXJfMDQ2OCJ9.pqvIjkqoavvbSWENoUWwGP6_Vh_I1sz6v2qFs_A8BPE
load_user_0469,Load@123456,eyJhbGciOiJIUzI1NiIsInR5cCI6IkpXVCJ9.eyJzdWIiOiI0NzEiLCJpYXQiOjE3NzkxNzcyODksImV4cCI6MTc3OTI2MzY4OSwidXNlcm5hbWUiOiJsb2FkX3VzZXJfMDQ2OSJ9.TWVcWmqZ4-PLsXJXD2urggMbaHjg41PE6NxXeUpP7C8
load_user_0470,Load@123456,eyJhbGciOiJIUzI1NiIsInR5cCI6IkpXVCJ9.eyJzdWIiOiI0NzIiLCJpYXQiOjE3NzkxNzcyODksImV4cCI6MTc3OTI2MzY4OSwidXNlcm5hbWUiOiJsb2FkX3VzZXJfMDQ3MCJ9.-yYmPK8vFXfPiBDdx3pNRKK1nwUnNS9S7AOy0FwYhbs
load_user_0471,Load@123456,eyJhbGciOiJIUzI1NiIsInR5cCI6IkpXVCJ9.eyJzdWIiOiI0NzMiLCJpYXQiOjE3NzkxNzcyODksImV4cCI6MTc3OTI2MzY4OSwidXNlcm5hbWUiOiJsb2FkX3VzZXJfMDQ3MSJ9.fOinUudL-0LfDlFFfgOSGAsBqcDzpYQ68nzdZua_KbM
load_user_0472,Load@123456,eyJhbGciOiJIUzI1NiIsInR5cCI6IkpXVCJ9.eyJzdWIiOiI0NzQiLCJpYXQiOjE3NzkxNzcyODksImV4cCI6MTc3OTI2MzY4OSwidXNlcm5hbWUiOiJsb2FkX3VzZXJfMDQ3MiJ9.HZXslhXODiI3VoVDPM-sUV408S8uCtqk38vzQnQ9WL4
load_user_0473,Load@123456,eyJhbGciOiJIUzI1NiIsInR5cCI6IkpXVCJ9.eyJzdWIiOiI0NzUiLCJpYXQiOjE3NzkxNzcyODksImV4cCI6MTc3OTI2MzY4OSwidXNlcm5hbWUiOiJsb2FkX3VzZXJfMDQ3MyJ9.2wVlbuFjoNEf0e4Hgf0sp0doOve-_AZJHqvSs38vd3I
load_user_0474,Load@123456,eyJhbGciOiJIUzI1NiIsInR5cCI6IkpXVCJ9.eyJzdWIiOiI0NzYiLCJpYXQiOjE3NzkxNzcyODksImV4cCI6MTc3OTI2MzY4OSwidXNlcm5hbWUiOiJsb2FkX3VzZXJfMDQ3NCJ9.YBZuIvy__5aBsnoDduFes2LgO1yMz_CMiYGNJZhI0lM
load_user_0475,Load@123456,eyJhbGciOiJIUzI1NiIsInR5cCI6IkpXVCJ9.eyJzdWIiOiI0NzciLCJpYXQiOjE3NzkxNzcyOTAsImV4cCI6MTc3OTI2MzY5MCwidXNlcm5hbWUiOiJsb2FkX3VzZXJfMDQ3NSJ9.2knJtW8m6BuOg7VQ52cHzCDCLJY-ir_HxfD3s1O3RXo
load_user_0476,Load@123456,eyJhbGciOiJIUzI1NiIsInR5cCI6IkpXVCJ9.eyJzdWIiOiI0NzgiLCJpYXQiOjE3NzkxNzcyOTAsImV4cCI6MTc3OTI2MzY5MCwidXNlcm5hbWUiOiJsb2FkX3VzZXJfMDQ3NiJ9.TOOmIH6rwd00yDGsj_jDjOmf6hPEVB6Rmp_xw5dxSfI
load_user_0477,Load@123456,eyJhbGciOiJIUzI1NiIsInR5cCI6IkpXVCJ9.eyJzdWIiOiI0NzkiLCJpYXQiOjE3NzkxNzcyOTAsImV4cCI6MTc3OTI2MzY5MCwidXNlcm5hbWUiOiJsb2FkX3VzZXJfMDQ3NyJ9._4EJbgJpbALfi5A4YqYspWnYpIbzcKqYev1AjRGfTn0
load_user_0478,Load@123456,eyJhbGciOiJIUzI1NiIsInR5cCI6IkpXVCJ9.eyJzdWIiOiI0ODAiLCJpYXQiOjE3NzkxNzcyOTAsImV4cCI6MTc3OTI2MzY5MCwidXNlcm5hbWUiOiJsb2FkX3VzZXJfMDQ3OCJ9.BKWkJ526-CiNesR7uL-uQuBIc5j6icQRzoSRV2AOs9g
load_user_0479,Load@123456,eyJhbGciOiJIUzI1NiIsInR5cCI6IkpXVCJ9.eyJzdWIiOiI0ODEiLCJpYXQiOjE3NzkxNzcyOTAsImV4cCI6MTc3OTI2MzY5MCwidXNlcm5hbWUiOiJsb2FkX3VzZXJfMDQ3OSJ9.-KnyXNL78zOZDflIu7U2ccqTfkBrzFXaEoS07LocvSE
load_user_0480,Load@123456,eyJhbGciOiJIUzI1NiIsInR5cCI6IkpXVCJ9.eyJzdWIiOiI0ODIiLCJpYXQiOjE3NzkxNzcyOTAsImV4cCI6MTc3OTI2MzY5MCwidXNlcm5hbWUiOiJsb2FkX3VzZXJfMDQ4MCJ9.xedx_jgCHgEbOWv9ScmPHXOgbKhbSM5ST5nYlWL8hJk
load_user_0481,Load@123456,eyJhbGciOiJIUzI1NiIsInR5cCI6IkpXVCJ9.eyJzdWIiOiI0ODMiLCJpYXQiOjE3NzkxNzcyOTAsImV4cCI6MTc3OTI2MzY5MCwidXNlcm5hbWUiOiJsb2FkX3VzZXJfMDQ4MSJ9.MSdaBNUij99KhZsP31nuC1AWU7kSyrjj7zsQC9uTcZo
load_user_0482,Load@123456,eyJhbGciOiJIUzI1NiIsInR5cCI6IkpXVCJ9.eyJzdWIiOiI0ODQiLCJpYXQiOjE3NzkxNzcyOTAsImV4cCI6MTc3OTI2MzY5MCwidXNlcm5hbWUiOiJsb2FkX3VzZXJfMDQ4MiJ9.8goah2GQob1Bu8GaCPOm0So87PdvWyne5iNmKGp1zOU
load_user_0483,Load@123456,eyJhbGciOiJIUzI1NiIsInR5cCI6IkpXVCJ9.eyJzdWIiOiI0ODUiLCJpYXQiOjE3NzkxNzcyOTEsImV4cCI6MTc3OTI2MzY5MSwidXNlcm5hbWUiOiJsb2FkX3VzZXJfMDQ4MyJ9.LBDVuB36cKpbEEDfUiMcN1gP6hOYjIkDxaQMBz_8CDs
load_user_0484,Load@123456,eyJhbGciOiJIUzI1NiIsInR5cCI6IkpXVCJ9.eyJzdWIiOiI0ODYiLCJpYXQiOjE3NzkxNzcyOTEsImV4cCI6MTc3OTI2MzY5MSwidXNlcm5hbWUiOiJsb2FkX3VzZXJfMDQ4NCJ9.sEYmcrw6jE-UjC1H4TxVCEiBo_Qd6DBB2aGB8x4GQhc
load_user_0485,Load@123456,eyJhbGciOiJIUzI1NiIsInR5cCI6IkpXVCJ9.eyJzdWIiOiI0ODciLCJpYXQiOjE3NzkxNzcyOTEsImV4cCI6MTc3OTI2MzY5MSwidXNlcm5hbWUiOiJsb2FkX3VzZXJfMDQ4NSJ9.Ng6HJVUYd6XZkvwbhgKeP0Jor_CR1x3EjoqmgUU8MEk
load_user_0486,Load@123456,eyJhbGciOiJIUzI1NiIsInR5cCI6IkpXVCJ9.eyJzdWIiOiI0ODgiLCJpYXQiOjE3NzkxNzcyOTEsImV4cCI6MTc3OTI2MzY5MSwidXNlcm5hbWUiOiJsb2FkX3VzZXJfMDQ4NiJ9.JNL4fg2rCdq4FIGDebd_LUgHxzevVBDTuLCjhUwNZlU
load_user_0487,Load@123456,eyJhbGciOiJIUzI1NiIsInR5cCI6IkpXVCJ9.eyJzdWIiOiI0ODkiLCJpYXQiOjE3NzkxNzcyOTEsImV4cCI6MTc3OTI2MzY5MSwidXNlcm5hbWUiOiJsb2FkX3VzZXJfMDQ4NyJ9.HbjQMmFtXS32W0JtJqeFLNM7Puj73QIlCZkXteRNAzg
load_user_0488,Load@123456,eyJhbGciOiJIUzI1NiIsInR5cCI6IkpXVCJ9.eyJzdWIiOiI0OTAiLCJpYXQiOjE3NzkxNzcyOTEsImV4cCI6MTc3OTI2MzY5MSwidXNlcm5hbWUiOiJsb2FkX3VzZXJfMDQ4OCJ9.O7NtVF1nXGXLtx5P86SDPVMQ6b7I6Ls6WmlLAsQI7aQ
load_user_0489,Load@123456,eyJhbGciOiJIUzI1NiIsInR5cCI6IkpXVCJ9.eyJzdWIiOiI0OTEiLCJpYXQiOjE3NzkxNzcyOTEsImV4cCI6MTc3OTI2MzY5MSwidXNlcm5hbWUiOiJsb2FkX3VzZXJfMDQ4OSJ9.TT8Op5-GrZ4EalMiNdJqYf44A4_Gjil1rtDgZoqSKSE
load_user_0490,Load@123456,eyJhbGciOiJIUzI1NiIsInR5cCI6IkpXVCJ9.eyJzdWIiOiI0OTIiLCJpYXQiOjE3NzkxNzcyOTIsImV4cCI6MTc3OTI2MzY5MiwidXNlcm5hbWUiOiJsb2FkX3VzZXJfMDQ5MCJ9._mRFFLM5t6BrbwFb06VVdlU815mBNO0WQ5z8rcJuvSo
load_user_0491,Load@123456,eyJhbGciOiJIUzI1NiIsInR5cCI6IkpXVCJ9.eyJzdWIiOiI0OTMiLCJpYXQiOjE3NzkxNzcyOTIsImV4cCI6MTc3OTI2MzY5MiwidXNlcm5hbWUiOiJsb2FkX3VzZXJfMDQ5MSJ9.3SpAYEkMF_1aI3hYBvLS6-6oCZEgqIcqW1uqz3l-Pp8
load_user_0492,Load@123456,eyJhbGciOiJIUzI1NiIsInR5cCI6IkpXVCJ9.eyJzdWIiOiI0OTQiLCJpYXQiOjE3NzkxNzcyOTIsImV4cCI6MTc3OTI2MzY5MiwidXNlcm5hbWUiOiJsb2FkX3VzZXJfMDQ5MiJ9.IItupS7c8_a5l363B91zvW78EIBTwSqRSa1cJJR1BLc
load_user_0493,Load@123456,eyJhbGciOiJIUzI1NiIsInR5cCI6IkpXVCJ9.eyJzdWIiOiI0OTUiLCJpYXQiOjE3NzkxNzcyOTIsImV4cCI6MTc3OTI2MzY5MiwidXNlcm5hbWUiOiJsb2FkX3VzZXJfMDQ5MyJ9.vUbW5ZTdvRDHq1WmRRp7JutmEz1JYgWPnvdxj5XP7To
load_user_0494,Load@123456,eyJhbGciOiJIUzI1NiIsInR5cCI6IkpXVCJ9.eyJzdWIiOiI0OTYiLCJpYXQiOjE3NzkxNzcyOTIsImV4cCI6MTc3OTI2MzY5MiwidXNlcm5hbWUiOiJsb2FkX3VzZXJfMDQ5NCJ9.5W4kw_voL_wKorlwxRbMlzlY2Fgq3nfR8z_h0-iq8ww
load_user_0495,Load@123456,eyJhbGciOiJIUzI1NiIsInR5cCI6IkpXVCJ9.eyJzdWIiOiI0OTciLCJpYXQiOjE3NzkxNzcyOTIsImV4cCI6MTc3OTI2MzY5MiwidXNlcm5hbWUiOiJsb2FkX3VzZXJfMDQ5NSJ9.HSw7_BLEgojZ1p-g9pdW-qbIquS4MGGqfnPYiuJrhMg
load_user_0496,Load@123456,eyJhbGciOiJIUzI1NiIsInR5cCI6IkpXVCJ9.eyJzdWIiOiI0OTgiLCJpYXQiOjE3NzkxNzcyOTIsImV4cCI6MTc3OTI2MzY5MiwidXNlcm5hbWUiOiJsb2FkX3VzZXJfMDQ5NiJ9.7x0vNy98jAhu2OSvLJpKVaSH37m1qWhX7upLfcHoWoA
load_user_0497,Load@123456,eyJhbGciOiJIUzI1NiIsInR5cCI6IkpXVCJ9.eyJzdWIiOiI0OTkiLCJpYXQiOjE3NzkxNzcyOTIsImV4cCI6MTc3OTI2MzY5MiwidXNlcm5hbWUiOiJsb2FkX3VzZXJfMDQ5NyJ9.hp7WMGiWVjOWp1t9GGMfZnfY0AEoKoOttxjsREwccKI
load_user_0498,Load@123456,eyJhbGciOiJIUzI1NiIsInR5cCI6IkpXVCJ9.eyJzdWIiOiI1MDAiLCJpYXQiOjE3NzkxNzcyOTMsImV4cCI6MTc3OTI2MzY5MywidXNlcm5hbWUiOiJsb2FkX3VzZXJfMDQ5OCJ9.EUSeoKAyAC2MllqjYRWW-JnGJ8bnxcRUd-oxE6uR3t8
load_user_0499,Load@123456,eyJhbGciOiJIUzI1NiIsInR5cCI6IkpXVCJ9.eyJzdWIiOiI1MDEiLCJpYXQiOjE3NzkxNzcyOTMsImV4cCI6MTc3OTI2MzY5MywidXNlcm5hbWUiOiJsb2FkX3VzZXJfMDQ5OSJ9.H4eTPOunOxPuvNhjGm3MqoL3PT3RPz8kDp_ypu408eE
load_user_0500,Load@123456,eyJhbGciOiJIUzI1NiIsInR5cCI6IkpXVCJ9.eyJzdWIiOiI1MDIiLCJpYXQiOjE3NzkxNzcyOTMsImV4cCI6MTc3OTI2MzY5MywidXNlcm5hbWUiOiJsb2FkX3VzZXJfMDUwMCJ9.KRux5gz_47uqaNJhoQ7psDRyyiXmWz5ZaOgcW8T3nLQ
